Name,Awards,Year,Region
"Seltzer, Margo",ACM Athena Lecturer Award,2023,North America
"Agrawal, Shweta",ACM India Outstanding Contributions in Computing by a Woman Award,2022,Asia
"Alizadeh, Mohammad",ACM Grace Murray Hopper Award,2022,North America
"Anandkumar, Anima",ACM Gordon Bell Prize,2022,North America
"Andronick, June",ACM Software System Award,2022,Pacific Rim
"Bell, Okezue",ACM/CSTA Cutler-Bell Prize in High School Computing,2022,North America
"Bhandari, Siddharth",ACM India Doctoral Dissertation Award,2022,Asia
"Bohorquez, Cindy Orozco",ACM Gordon Bell Prize,2022,North America
"Boillod-Cerneux, France",ACM Gordon Bell Prize,2022,Europe
"Brace, Alexander",ACM Gordon Bell Prize,2022,North America
"Brettin, Thomas",ACM Gordon Bell Prize,2022,North America
"Burrows, Michael",ACM Paris Kanellakis Theory and Practice Award,2022,North America
"Caspersen, Michael E.",ACM Karl V. Karlstrom Outstanding Educator Award,2022,Europe
"Clark, Thomas",ACM Gordon Bell Prize,2022,Europe
"Clyde, Austin",ACM Gordon Bell Prize,2022,North America
"Cock, David Alan",ACM Software System Award,2022,Europe
"Copik, Marcin",ACM-IEEE CS George Michael Memorial HPC Fellowships,2022,Europe
"Dallago, Christian",ACM Gordon Bell Prize,2022,North America
"Dave, Vrunda A",ACM India Doctoral Dissertation Award,2022,Asia
"Davis, James J.",ACM Gordon Bell Prize,2022,North America
"Deng, Yuntian",ACM Gordon Bell Prize,2022,North America
"Derrin, Philip",ACM Software System Award,2022,Pacific Rim
"Elias, Nathan",ACM/CSTA Cutler-Bell Prize in High School Computing,2022,North America
"Elkaduwe, Dhammika",ACM Software System Award,2022,Pacific Rim
"Elphinstone, Kevin",ACM Software System Award,2022,Pacific Rim
"Emani, Murali",ACM Gordon Bell Prize,2022,North America
"Engelhardt, Kai",ACM Software System Award,2022,Pacific Rim
"Fedeli, Luca",ACM Gordon Bell Prize,2022,North America
"Ferragina, Paolo",ACM Paris Kanellakis Theory and Practice Award,2022,Europe
"Foreman, Sam",ACM Gordon Bell Prize,2022,North America
"Foster, Ian T",ACM-IEEE CS Ken Kennedy Award,2022,North America
"Foster, Ian T",ACM Gordon Bell Prize,2022,North America
"Ghoshal, Suprovat",ACM India Doctoral Dissertation Award,2022,Asia
"Gibbs, Thomas",ACM Gordon Bell Prize,2022,North America
"Gott, Kevin N",ACM Gordon Bell Prize,2022,North America
"Guan, Hannah",ACM/CSTA Cutler-Bell Prize in High School Computing,2022,North America
"Hall, Wendy",ACM Presidential Award,2022,Europe
"Hayot-Sasson, Valerie",ACM Gordon Bell Prize,2022,North America
"Heiser, Gernot",ACM Software System Award,2022,Pacific Rim
"Hillairet, Conrad",ACM Gordon Bell Prize,2022,Europe
"Hippe, Kyle",ACM Gordon Bell Prize,2022,North America
"Horowitz, Mark A",ACM-IEEE CS Eckert-Mauchly Award,2022,North America
"Huebl, Axel",ACM Gordon Bell Prize,2022,North America
"Irvin, Michael",ACM Gordon Bell Prize,2022,North America
"Ishii, Masado Alexander",ACM-IEEE CS George Michael Memorial HPC Fellowships,2022,North America
"Jain, Ramesh C",ACM Distinguished Service Award,2022,North America
"Jaure, Stephan",ACM Gordon Bell Prize,2022,Europe
"Kale, Bharat",ACM Gordon Bell Prize,2022,North America
"Klein, Gerwin",ACM Software System Award,2022,Pacific Rim
"Kolanski, Rafal",ACM Software System Award,2022,Pacific Rim
"Konstan, Joseph A",Outstanding Contribution to ACM Award,2022,North America
"Leblanc, Adrien",ACM Gordon Bell Prize,2022,Europe
"Lehe, Remi",ACM Gordon Bell Prize,2022,North America
"Lin, Diangen",ACM Gordon Bell Prize,2022,North America
"Lockhart, Shelby",ACM-IEEE CS George Michael Memorial HPC Fellowships,2022,North America
"Ma, Heng",ACM Gordon Bell Prize,2022,North America
"Mann, Carla",ACM Gordon Bell Prize,2022,North America
"Manzini, Giovanni",ACM Paris Kanellakis Theory and Practice Award,2022,Europe
"Metcalfe, Robert Melancton",ACM A. M. Turing Award,2022,North America
"Mohapatra, Pritish",ACM India Doctoral Dissertation Award,2022,Asia
"Murray, Toby",ACM Software System Award,2022,Pacific Rim
"Myers, Andrew",ACM Gordon Bell Prize,2022,North America
"Nallamothu, Sirihaasa",ACM/CSTA Cutler-Bell Prize in High School Computing,2022,North America
"Nelson, Jelani",ACM Eugene L. Lawler Award for Humanitarian Contributions within Computer Science and Informatics,2022,North America
"Nie, Weili",ACM Gordon Bell Prize,2022,North America
"Norrish, Michael",ACM Software System Award,2022,Pacific Rim
"Papka, Michael E.",ACM Gordon Bell Prize,2022,North America
"Papworth, David B","ACM Charles P. ""Chuck"" Thacker Breakthrough in Computing Award",2022,North America
"Pauloski, James Gregory",ACM Gordon Bell Prize,2022,North America
"Perez-Rivera, Danilo",ACM Gordon Bell Prize,2022,North America
"Piechurski, Christelle",ACM Gordon Bell Prize,2022,Europe
"Ramanathan, Arvind",ACM Gordon Bell Prize,2022,North America
"Russell, Stuart",ACM AAAI Allen Newell Award,2022,North America
"Sarangi, Smruti Ranjan",ACM India Outstanding Contribution to Computing Education Award,2022,Asia
"Sato, Mitsuhisa",ACM Gordon Bell Prize,2022,Asia
"Scholkopf, Bernhard",ACM AAAI Allen Newell Award,2022,Europe
"Sekar, Sruthi",ACM India Doctoral Dissertation Award,2022,Asia
"Sewell, Thomas",ACM Software System Award,2022,Pacific Rim
"Shen, Heng Tao",CCF-ACM Award for Artificial Intelligence,2022,Asia
"Sherif, Suhail",ACM India Doctoral Dissertation Award,2022,Asia
"Shukla, Maulik",ACM Gordon Bell Prize,2022,North America
"Stevens, Rick",ACM Gordon Bell Prize,2022,North America
"Sugiura, Yuta",IPSJ/ACM Award for Early Career Contributions to Global Research,2022,Asia
"Tardos, Eva",ACM Athena Lecturer Award,2022,Europe
"Tauman Kalai, Yael",ACM Prize in Computing,2022,North America
"Tuch, Harvey",ACM Software System Award,2022,Pacific Rim
"Vahdat, Arash",ACM Gordon Bell Prize,2022,North America
"Vay, Jean-Luc",ACM Gordon Bell Prize,2022,North America
"Vincenti, Henri Paul",ACM Gordon Bell Prize,2022,Europe
"Vishwanath, Venkatram",ACM Gordon Bell Prize,2022,North America
"Ward, Logan",ACM Gordon Bell Prize,2022,North America
"Winwood, Simon",ACM Software System Award,2022,Pacific Rim
"Xiao, Chaowei",ACM Gordon Bell Prize,2022,North America
"Xie, Zhen",ACM Gordon Bell Prize,2022,North America
"Yadav, Deepika",ACM India Doctoral Dissertation Award,2022,Asia
"Zaim, Neil",ACM Gordon Bell Prize,2022,Europe
"Zhang, Bin",ACM Gordon Bell Prize,2022,North America
"Zhang, Weiqun",ACM Gordon Bell Prize,2022,North America
"Zvyagin, Maxim",ACM Gordon Bell Prize,2022,North America
"Zvyagin, Maxim",ACM Gordon Bell Prize,2022,North America
"Abbeel, Pieter",ACM Prize in Computing,2021,North America
"Abramson, David A",ACM-IEEE CS Ken Kennedy Award,2021,Pacific Rim
"Altman, Erik R",ACM Distinguished Service Award,2021,North America
"Ando, Kazuto",ACM Gordon Bell Prize,2021,Asia
"Bale, Rahul",ACM Gordon Bell Prize,2021,Asia
"Bharatia, Harshal V",ACM/CSTA Cutler-Bell Prize in High School Computing,2021,North America
"Blazy, Sandrine",ACM Software System Award,2021,Europe
"Blum, Avrim",ACM Paris Kanellakis Theory and Practice Award,2021,Europe
"Brewer, Judy",ACM Policy Award,2021,North America
"Brodley, Carla",ACM Frances E. Allen Award for Outstanding Mentoring,2021,North America
"Chen, Huarong",ACM Gordon Bell Prize,2021,Asia
"Dargaye, Zaynah",ACM Software System Award,2021,Europe
"Dasgupta, Gargi Banerjee",ACM India Outstanding Contributions in Computing by a Woman Award,2021,Asia
"Dexun, Chen",ACM Gordon Bell Prize,2021,Asia
"Dinur, Irit",ACM Paris Kanellakis Theory and Practice Award,2021,Europe
"Dongarra, Jack",ACM A. M. Turing Award,2021,North America
"Dwork, Cynthia",ACM Paris Kanellakis Theory and Practice Award,2021,North America
"Fu, Haohuan",ACM Gordon Bell Prize,2021,Asia
"Gomes, Carla",ACM AAAI Allen Newell Award,2021,North America
"Guo, Chu",ACM Gordon Bell Prize,2021,Asia
"Hidayetoglu, Mert",ACM-IEEE CS George Michael Memorial HPC Fellowships,2021,North America
"Howard, Ayanna",ACM Athena Lecturer Award,2021,North America
"Huang, Heliang",ACM Gordon Bell Prize,2021,Asia
"Jain, Prateek",ACM India Early Career Researcher Award,2021,Asia
"Jawahar, Cv",ACM India Outstanding Contribution to Computing Education Award,2021,Asia
"Jourdan, Jacques-Henri",ACM Software System Award,2021,Europe
"Karniadakis, George",SIAM/ACM Prize in Computational Science and Engineering,2021,Europe
"Kato, Jun",IPSJ/ACM Award for Early Career Contributions to Global Research,2021,Asia
"Leroy, Xavier",ACM Software System Award,2021,Europe
"Li, Chunggang",ACM Gordon Bell Prize,2021,Asia
"Li, Nancy",ACM Gordon Bell Prize,2021,Asia
"LI, Xuelong",CCF-ACM Award for Artificial Intelligence,2021,Asia
"Liu, Alexander",ACM Gordon Bell Prize,2021,Asia
"Liu, Lucy",ACM Gordon Bell Prize,2021,Asia
"Martonosi, Margaret",ACM-IEEE CS Eckert-Mauchly Award,2021,North America
"MATSUOKA, SATOSHI",ACM Gordon Bell Prize,2021,Asia
"McSherry, Frank",ACM Paris Kanellakis Theory and Practice Award,2021,North America
"Mildenhall, Benjamin",ACM Doctoral Dissertation Award,2021,North America
"Narayan, Yash",ACM/CSTA Cutler-Bell Prize in High School Computing,2021,North America
"Nissim, Kobbi",ACM Paris Kanellakis Theory and Practice Award,2021,North America
"Onishi, Keiji",ACM Gordon Bell Prize,2021,Asia
"Patel, Tirthak",ACM-IEEE CS George Michael Memorial HPC Fellowships,2021,North America
"Peng, Dajia",ACM Gordon Bell Prize,2021,Asia
"Popa, Raluca Ada",ACM Grace Murray Hopper Award,2021,North America
"Raghavan, Manish",ACM Doctoral Dissertation Award,2021,North America
"Roychowdhury, Shoumik",ACM/CSTA Cutler-Bell Prize in High School Computing,2021,North America
"Schmidt, Michael",ACM Software System Award,2021,Europe
"Schommer, Bernhard",ACM Software System Award,2021,Europe
"Shah, Hiya",ACM/CSTA Cutler-Bell Prize in High School Computing,2021,North America
"Sharma, Roohani",ACM India Doctoral Dissertation Award,2021,Asia
"Smith, Adam",ACM Paris Kanellakis Theory and Practice Award,2021,North America
"Song, Jiawei",ACM Gordon Bell Prize,2021,Asia
"Srinivasan, Pratul",ACM Doctoral Dissertation Award,2021,North America
"Tristan, Jean-Baptiste",ACM Software System Award,2021,North America
"Tsipras, Dimitris",ACM Doctoral Dissertation Award,2021,North America
"Tsubokura, Makoto",ACM Gordon Bell Prize,2021,Asia
"Vashishth, Shikhar",ACM India Doctoral Dissertation Award,2021,Asia
"Wang, Zhen",ACM Gordon Bell Prize,2021,Asia
"Weiss, Mark Allen",ACM Karl V. Karlstrom Outstanding Educator Award,2021,North America
"Wu, Wenzhao",ACM Gordon Bell Prize,2021,Asia
"Yang, Daisy",ACM Gordon Bell Prize,2021,Asia
"Zhao, Pengpeng",ACM Gordon Bell Prize,2021,Asia
"Aaronson, Scott J",ACM Prize in Computing,2020,North America
"Aho, Alfred V",ACM A. M. Turing Award,2020,North America
"Amaro, Rommie E.",ACM Gordon Bell Prize,2020,North America
"Anderson, Richard",ACM Eugene L. Lawler Award for Humanitarian Contributions within Computer Science and Informatics,2020,North America
"Ankireddy, Sahithi",ACM/CSTA Cutler-Bell Prize in High School Computing,2020,North America
"Azar, Yossi",ACM Paris Kanellakis Theory and Practice Award,2020,Europe
"Barroso, Luiz Andre",ACM-IEEE CS Eckert-Mauchly Award,2020,Latin America
"Batra, Jatin",ACM India Doctoral Dissertation Award,2020,Asia
"Bhagwan, Ranjita",ACM India Outstanding Contributions in Computing by a Woman Award,2020,Asia
"Bondhugula, Uday Reddy",ACM India Early Career Researcher Award,2020,Asia
"Bostic, Keith",ACM Software System Award,2020,North America
"Broder, Andrei",ACM Paris Kanellakis Theory and Practice Award,2020,North America
"Car, Roberto",ACM Gordon Bell Prize,2020,North America
"Casalino, Lorenzo",ACM Gordon Bell Prize,2020,North America
"Chayes, Jennifer",ACM Distinguished Service Award,2020,North America
"Chen, Mohan",ACM Gordon Bell Prize,2020,Asia
"Cheshmi, Kazem",ACM-IEEE CS George Michael Memorial HPC Fellowships,2020,Middle East
"Chong, Lillian",ACM Gordon Bell Prize,2020,North America
"Corrigan-Gibbs, Henry",ACM Doctoral Dissertation Award,2020,North America
"Dommer, Abigail C.",ACM Gordon Bell Prize,2020,North America
"E, Weinan",ACM Gordon Bell Prize,2020,North America
"Emani, Kameswara Venkatesh",ACM India Doctoral Dissertation Award,2020,Asia
"Fan, Chuchu",ACM Doctoral Dissertation Award,2020,Asia
"Franz, Michael","ACM Charles P. ""Chuck"" Thacker Breakthrough in Computing Award",2020,North America
"Gibbs, Tom",ACM Gordon Bell Prize,2020,North America
"Gollakota, Shyamnath",ACM Grace Murray Hopper Award,2020,North America
"Hankin, Chris L.",Outstanding Contribution to ACM Award,2020,Europe
"Hardy, David J",ACM Gordon Bell Prize,2020,North America
"Iyer, Sridhar",ACM India Outstanding Contribution to Computing Education Award,2020,Asia
"Jha, Shantenu",ACM Gordon Bell Prize,2020,North America
"Jia, Weile",ACM Gordon Bell Prize,2020,North America
"Jung, Ralf",ACM Doctoral Dissertation Award,2020,Europe
"Karlin, Anna",ACM Paris Kanellakis Theory and Practice Award,2020,North America
"Korish, Maurice",ACM/CSTA Cutler-Bell Prize in High School Computing,2020,North America
"Kraus, Sarit",ACM Athena Lecturer Award,2020,Europe
"Kurth, Thorsten",ACM Gordon Bell Prize,2020,North America
"Levesque, Hector J.",ACM AAAI Allen Newell Award,2020,North America
"Lin, Lin",ACM Gordon Bell Prize,2020,North America
"Lu, Denghui",ACM Gordon Bell Prize,2020,Asia
"Maia, Julio",ACM Gordon Bell Prize,2020,North America
"McGettrick, Andrew",ACM Karl V. Karlstrom Outstanding Educator Award,2020,Europe
"Minnick, Brian",ACM/CSTA Cutler-Bell Prize in High School Computing,2020,North America
"Mitzenmacher, Michael",ACM Paris Kanellakis Theory and Practice Award,2020,North America
"Olson, Michael",ACM Software System Award,2020,North America
"Phillips, James",ACM Gordon Bell Prize,2020,North America
"Ramanathan, Arvind",ACM Gordon Bell Prize,2020,North America
"Rotenberg, Marc",ACM Policy Award,2020,North America
"Sarkar, Vivek",ACM-IEEE CS Ken Kennedy Award,2020,North America
"Saurabh, Saket",ACM India Early Career Researcher Award,2020,Asia
"Seltzer, Margo",ACM Software System Award,2020,North America
"Stone, John",ACM Gordon Bell Prize,2020,North America
"Ullman, Jeffrey D",ACM A. M. Turing Award,2020,North America
"Upfal, Eli",ACM Paris Kanellakis Theory and Practice Award,2020,North America
"Vardhan, Madhurima",ACM-IEEE CS George Michael Memorial HPC Fellowships,2020,Asia
"Vardi, Moshe Y",ACM AAAI Allen Newell Award,2020,North America
"Wang, Han",ACM Gordon Bell Prize,2020,Asia
"Yatani, Koji",IPSJ/ACM Award for Early Career Contributions to Global Research,2020,Asia
"Yuan, Emily",ACM/CSTA Cutler-Bell Prize in High School Computing,2020,North America
"Zhang, Linfeng",ACM Gordon Bell Prize,2020,North America
"Zhou, Keren",ACM-IEEE CS George Michael Memorial HPC Fellowships,2020,Asia
"Zhou, Zhi-Hua",CCF-ACM Award for Artificial Intelligence,2020,Asia
"Alon, Noga",ACM Paris Kanellakis Theory and Practice Award,2019,Europe
"Balcan, Maria-Florina",ACM Grace Murray Hopper Award,2019,North America
"Ben-Ari, Mordechai",ACM Karl V. Karlstrom Outstanding Educator Award,2019,Europe
"Ben-Nun, Tal",ACM Gordon Bell Prize,2019,Europe
"Bertino, Elisa",ACM Athena Lecturer Award,2019,North America
"Catmull, Edwin",ACM A. M. Turing Award,2019,North America
"Cerf, Vinton",ACM Presidential Award,2019,North America
"Choudhary, Keerti",ACM India Doctoral Dissertation Award,2019,Asia
"Data, Deepesh",ACM India Doctoral Dissertation Award,2019,Asia
"Dixit, Arati M",Outstanding Contribution to ACM Award,2019,North America
"Dongarra, Jack",SIAM/ACM Prize in Computational Science and Engineering,2019,North America
"Fernandez, Guillermo Indalecio",ACM Gordon Bell Prize,2019,Europe
"Fernando, Milinda Shayamal",ACM-IEEE CS George Michael Memorial HPC Fellowships,2019,Asia
"Fox, Geoffrey",ACM-IEEE CS Ken Kennedy Award,2019,North America
"Gibbons, Phillip B",ACM Paris Kanellakis Theory and Practice Award,2019,North America
"Hanrahan, Pat",ACM A. M. Turing Award,2019,North America
"Hill, Mark D.",ACM-IEEE CS Eckert-Mauchly Award,2019,North America
"Hoefler, Torsten",ACM Gordon Bell Prize,2019,Europe
"Kamei, Yasutaka",IPSJ/ACM Award for Early Career Contributions to Global Research,2019,Asia
"Kavraki, Lydia",ACM AAAI Allen Newell Award,2019,North America
"Koller, Daphne",ACM AAAI Allen Newell Award,2019,North America
"Ley, Michael",ACM Distinguished Service Award,2019,Europe
"Luisier, Mathieu",ACM Gordon Bell Prize,2019,Europe
"Matias, Yossi",ACM Paris Kanellakis Theory and Practice Award,2019,Europe
"Meng, Kevin",ACM/CSTA Cutler-Bell Prize in High School Computing,2019,North America
"Minzer, Dor",ACM Doctoral Dissertation Award,2019,North America
"Mockapetris, Paul",ACM Software System Award,2019,North America
"Petersen, Lilian",ACM/CSTA Cutler-Bell Prize in High School Computing,2019,North America
"Schneider, Timo",ACM Gordon Bell Prize,2019,Europe
"Silver, David",ACM Prize in Computing,2019,Europe
"Simons, Barbara B",ACM Policy Award,2019,North America
"Smith, Staci A.",ACM-IEEE CS George Michael Memorial HPC Fellowships,2019,North America
"Szegedy, Mario",ACM Paris Kanellakis Theory and Practice Award,2019,North America
"Tarnawski, Jakub",ACM Doctoral Dissertation Award,2019,Europe
"Toro-Vega, Axel S.",ACM/CSTA Cutler-Bell Prize in High School Computing,2019,North America
"Wu, Jiajun",ACM Doctoral Dissertation Award,2019,Asia
"Zhao, Zeyu",ACM/CSTA Cutler-Bell Prize in High School Computing,2019,North America
"Ziogas, Alexandros Nikolaos",ACM Gordon Bell Prize,2019,Europe
"Adve, Sarita",ACM-IEEE CS Ken Kennedy Award,2018,Asia
"Agarwal, Manoj",ACM India Doctoral Dissertation Award,2018,Asia
"Bahl, Victor",ACM Distinguished Service Award,2018,North America
"Balakrishnan, Meenakshi",ACM Eugene L. Lawler Award for Humanitarian Contributions within Computer Science and Informatics,2018,Asia
"Beckett, Ryan",ACM Doctoral Dissertation Award,2018,North America
"Bengio, Yoshua",ACM A. M. Turing Award,2018,North America
"Climer, Sharlee",ACM Gordon Bell Prize,2018,North America
"Combs, Gerald",ACM Software System Award,2018,North America
"Daskalakis, Constantinos",ACM Grace Murray Hopper Award,2018,North America
"Deslippe, Jack",ACM Gordon Bell Prize,2018,North America
"Dey, Palash",ACM India Doctoral Dissertation Award,2018,Asia
"Durvasula, Naveen",ACM/CSTA Cutler-Bell Prize in High School Computing,2018,North America
"Eggers, Susan",ACM-IEEE CS Eckert-Mauchly Award,2018,North America
"Fagnan, Kjiersten (Kirsten)",ACM Gordon Bell Prize,2018,North America
"Fatica, Massimiliano",ACM Gordon Bell Prize,2018,North America
"Finn, Chelsea",ACM Doctoral Dissertation Award,2018,North America
"Freedman, Michael J.",ACM Grace Murray Hopper Award,2018,North America
"Gagliardi, Fabrizio",ACM Presidential Award,2018,Europe
"Gesenhues, Linda",ACM-IEEE CS George Michael Memorial HPC Fellowships,2018,Latin America
"Goldsmith, Andrea",ACM Athena Lecturer Award,2018,North America
"Gotterbarn, Don",ACM Presidential Award,2018,North America
"Hinton, Geoffrey E",ACM A. M. Turing Award,2018,North America
"Hohnerbach, Markus",ACM-IEEE CS George Michael Memorial HPC Fellowships,2018,Europe
"Houston, Michael",ACM Gordon Bell Prize,2018,North America
"Jacobson, Daniel",ACM Gordon Bell Prize,2018,North America
"Joubert, Wayne",ACM Gordon Bell Prize,2018,North America
"Justice, Amy",ACM Gordon Bell Prize,2018,North America
"Kainer, David",ACM Gordon Bell Prize,2018,North America
"Kautz, Henry A",ACM AAAI Allen Newell Award,2018,North America
"Kurth, Thorsten",ACM Gordon Bell Prize,2018,North America
"LeCun, Yann",ACM A. M. Turing Award,2018,North America
"Luehr, Nathan",ACM Gordon Bell Prize,2018,North America
"Ma, Tengyu",ACM Doctoral Dissertation Award,2018,North America
"Mahesh, Ankur",ACM Gordon Bell Prize,2018,North America
"matheson, mike",ACM Gordon Bell Prize,2018,North America
"Matsubara, Yasuko",IPSJ/ACM Award for Early Career Contributions to Global Research,2018,Asia
"McGettrick, Andrew",ACM Presidential Award,2018,Europe
"Mudigonda, Mayur",ACM Gordon Bell Prize,2018,North America
"Patel, Shwetak N",ACM Prize in Computing,2018,North America
"Pevzner, Pavel",ACM Paris Kanellakis Theory and Practice Award,2018,North America
"Phillips, Everett Houston",ACM Gordon Bell Prize,2018,North America
"Prabhat, Mr",ACM Gordon Bell Prize,2018,North America
"Puri, Isha",ACM/CSTA Cutler-Bell Prize in High School Computing,2018,North America
"Romero, Joshua",ACM Gordon Bell Prize,2018,North America
"Rosenblum, Mendel","ACM Charles P. ""Chuck"" Thacker Breakthrough in Computing Award",2018,North America
"Sanyal, Swagato",ACM India Doctoral Dissertation Award,2018,Asia
"Saxena, Eshika",ACM/CSTA Cutler-Bell Prize in High School Computing,2018,North America
"Sedgewick, Robert",ACM Karl V. Karlstrom Outstanding Educator Award,2018,North America
"Shenoy, Varun",ACM/CSTA Cutler-Bell Prize in High School Computing,2018,North America
"Stephenson, Chris",Outstanding Contribution to ACM Award,2018,North America
"Treichler, Sean",ACM Gordon Bell Prize,2018,North America
"Weighill, Deborah",ACM Gordon Bell Prize,2018,North America
"Avila, Damian",ACM Software System Award,2017,Latin America
"Boden, Margaret A.",ACM AAAI Allen Newell Award,2017,Europe
"Bourne, Stephen",Outstanding Contribution to ACM Award,2017,North America
"Bussonnier, Matthias",ACM Software System Award,2017,North America
"Chen, Bingwei",ACM Gordon Bell Prize,2017,Asia
"Chen, Xiaofei",ACM Gordon Bell Prize,2017,Asia
"Corlay, Sylvain",ACM Software System Award,2017,Europe
"Cuny, Janice",ACM Distinguished Service Award,2017,North America
"Frederic, Jonathan",ACM Software System Award,2017,North America
"Fu, Haohuan",ACM Gordon Bell Prize,2017,Asia
"Gal-Ezer, Judith",ACM Karl V. Karlstrom Outstanding Educator Award,2017,Europe
"Ghaffari, Mohsen",ACM Doctoral Dissertation Award,2017,Middle East
"Granger, Brian",ACM Software System Award,2017,North America
"Grout, Jason",ACM Software System Award,2017,North America
"Guha, Sreya",ACM/CSTA Cutler-Bell Prize in High School Computing,2017,North America
"Gulur, Nagendra",ACM India Doctoral Dissertation Award,2017,Asia
"Gurjar, Rohit",ACM India Doctoral Dissertation Award,2017,Asia
"Hamrick, Jessica",ACM Software System Award,2017,North America
"He, Conghui",ACM Gordon Bell Prize,2017,Asia
"Helmy, Amir",ACM/CSTA Cutler-Bell Prize in High School Computing,2017,North America
"Hennessy, John L",ACM A. M. Turing Award,2017,North America
"Hughes, Thomas J.R.",SIAM/ACM Prize in Computational Science and Engineering,2017,North America
"Ivanov, Paul",ACM Software System Award,2017,North America
"Jin, Amy",ACM/CSTA Cutler-Bell Prize in High School Computing,2017,North America
"Katabi, Dina",ACM Prize in Computing,2017,North America
"Kavraki, Lydia",ACM Athena Lecturer Award,2017,North America
"Kelley, Kyle",ACM Software System Award,2017,North America
"Kluyer, Thomas",ACM Software System Award,2017,North America
"Labarta, Jesus",ACM-IEEE CS Ken Kennedy Award,2017,Europe
"Liu, Weiguo",ACM Gordon Bell Prize,2017,Asia
"Mueller, Stefanie",ACM Doctoral Dissertation Award,2017,Europe
"Parente, Peter James",ACM Software System Award,2017,North America
"Patterson, David",ACM A. M. Turing Award,2017,North America
"Perez, Fernando",ACM Software System Award,2017,North America
"Ragan-Kelley, Benjamin",ACM Software System Award,2017,North America
"Randles, Amanda",ACM Grace Murray Hopper Award,2017,North America
"Rubinstein, Aviad",ACM Doctoral Dissertation Award,2017,Europe
"Shenker, Scott J",ACM Paris Kanellakis Theory and Practice Award,2017,North America
"Silvester, Steven",ACM Software System Award,2017,North America
"Smith, Shaden",ACM-IEEE CS George Michael Memorial HPC Fellowships,2017,North America
"Spector, Benjamin F",ACM/CSTA Cutler-Bell Prize in High School Computing,2017,North America
"Thacker, Charles P",ACM-IEEE CS Eckert-Mauchly Award,2017,North America
"Truell, Michael",ACM/CSTA Cutler-Bell Prize in High School Computing,2017,North America
"Vardi, Moshe Y",ACM Presidential Award,2017,North America
"Wanwang, Yin",ACM Gordon Bell Prize,2017,Asia
"Willing, Carol",ACM Software System Award,2017,North America
"Wulf, William A",ACM Policy Award,2017,North America
"Xue, Wei",ACM Gordon Bell Prize,2017,Asia
"Yang, Guangwen",ACM Gordon Bell Prize,2017,Asia
"Yin, Zekun",ACM Gordon Bell Prize,2017,Asia
"You, Yang",ACM-IEEE CS George Michael Memorial HPC Fellowships,2017,North America
"Zhang, Tingjian",ACM Gordon Bell Prize,2017,Asia
"Zhang, Wenqiang",ACM Gordon Bell Prize,2017,Asia
"Zhang, Zhenguo",ACM Gordon Bell Prize,2017,Asia
"Al Hassanieh, Haitham",ACM Doctoral Dissertation Award,2016,North America
"Ao, Yulong",ACM Gordon Bell Prize,2016,Asia
"Astrachan, Owen",ACM Karl V. Karlstrom Outstanding Educator Award,2016,North America
"Bailis, Peter",ACM Doctoral Dissertation Award,2016,North America
"Banks, Ken",ACM Eugene L. Lawler Award for Humanitarian Contributions within Computer Science and Informatics,2016,Europe
"Barr, Valerie",Outstanding Contribution to ACM Award,2016,North America
"Berners-Lee, Tim",ACM A. M. Turing Award,2016,Europe
"Efros, Alexei A.",ACM Prize in Computing,2016,Europe
"Fiat, Amos",ACM Paris Kanellakis Theory and Practice Award,2016,Europe
"Fu, Haohuan",ACM Gordon Bell Prize,2016,Asia
"Gan, Lin",ACM Gordon Bell Prize,2016,Asia
"Gropp, William D",ACM-IEEE CS Ken Kennedy Award,2016,North America
"Heer, Jeffrey Michael",ACM Grace Murray Hopper Award,2016,North America
"Howard, John H",ACM Software System Award,2016,North America
"Hu, Elizabeth",ACM/CSTA Cutler-Bell Prize in High School Computing,2016,North America
"Huebl, Axel",ACM-IEEE CS George Michael Memorial HPC Fellowships,2016,Europe
"Kazar, Michael Leon",ACM Software System Award,2016,North America
"Liu, Fangfang",ACM Gordon Bell Prize,2016,Asia
"Malik, Jitendra",ACM AAAI Allen Newell Award,2016,North America
"Naor, Moni",ACM Paris Kanellakis Theory and Practice Award,2016,Europe
"Nichols, David A",ACM Software System Award,2016,North America
"Nichols, Sherri",ACM Software System Award,2016,North America
"Raychev, Veselin",ACM Doctoral Dissertation Award,2016,Europe
"Rexford, Jennifer",ACM Athena Lecturer Award,2016,North America
"Rudi, Johann",ACM-IEEE CS George Michael Memorial HPC Fellowships,2016,North America
"Satyanarayanan, Mahadev",ACM Software System Award,2016,North America
"Schimpf, Gerhard",ACM Presidential Award,2016,Europe
"Shustek, Leonard J",ACM Distinguished Service Award,2016,North America
"Sidebotham, Robert N.",ACM Software System Award,2016,North America
"Spector, Alfred Z",ACM Software System Award,2016,North America
"Stephenson, Chris",ACM Presidential Award,2016,North America
"Swartz, Avi",ACM/CSTA Cutler-Bell Prize in High School Computing,2016,North America
"Walter, Aaron",ACM/CSTA Cutler-Bell Prize in High School Computing,2016,North America
"Wang, Lanning",ACM Gordon Bell Prize,2016,Asia
"Wang, Xinliang",ACM Gordon Bell Prize,2016,Asia
"Weiser, Uri",ACM-IEEE CS Eckert-Mauchly Award,2016,Europe
"West, Michael",ACM Software System Award,2016,North America
"Xu, Ping",ACM Gordon Bell Prize,2016,Asia
"Xue, Wei",ACM Gordon Bell Prize,2016,Asia
"Yang, Chao",ACM Gordon Bell Prize,2016,Asia
"Yang, Guangwen",ACM Gordon Bell Prize,2016,Asia
"You, Hongtao",ACM Gordon Bell Prize,2016,Asia
"Zheng, Weinim",ACM Gordon Bell Prize,2016,Asia
"Balay, Satish",SIAM/ACM Prize in Computational Science and Engineering,2015,North America
"Bekas, Costas",ACM Gordon Bell Prize,2015,Europe
"Besta, Maciej",ACM-IEEE CS George Michael Memorial HPC Fellowships,2015,Europe
"Brown, Jed",SIAM/ACM Prize in Computational Science and Engineering,2015,North America
"Chen, Valerie",ACM/CSTA Cutler-Bell Prize in High School Computing,2015,North America
"Curioni, Alessandro",ACM Gordon Bell Prize,2015,Europe
"Diffie, Whitfield",ACM A. M. Turing Award,2015,North America
"Edwards, Matthew",ACM/CSTA Cutler-Bell Prize in High School Computing,2015,North America
"Fox, Armando",ACM Karl V. Karlstrom Outstanding Educator Award,2015,North America
"Ghattas, Omar",ACM Gordon Bell Prize,2015,North America
"Gropp, William D",SIAM/ACM Prize in Computational Science and Engineering,2015,North America
"Gurnis, Michael",ACM Gordon Bell Prize,2015,North America
"Hazra, Aritra",ACM India Doctoral Dissertation Award,2015,Asia
"Hellman, Martin",ACM A. M. Turing Award,2015,North America
"Horvitz, Eric",ACM AAAI Allen Newell Award,2015,North America
"Ineichen, Yves",ACM Gordon Bell Prize,2015,Europe
"Isaac, Tobin",ACM Gordon Bell Prize,2015,North America
"Jouppi, Norman",ACM-IEEE CS Eckert-Mauchly Award,2015,North America
"Knepley, Matthew",SIAM/ACM Prize in Computational Science and Engineering,2015,North America
"Luby, Michael George",ACM Paris Kanellakis Theory and Practice Award,2015,North America
"Malhotra, Dhairya",ACM-IEEE CS George Michael Memorial HPC Fellowships,2015,North America
"Malossi, A. Cristiano I.",ACM Gordon Bell Prize,2015,Europe
"McInnes, Lois C",SIAM/ACM Prize in Computational Science and Engineering,2015,North America
"Mirarab, Siavash",ACM Doctoral Dissertation Award,2015,North America
"Perrott, Ron",ACM Distinguished Service Award,2015,Europe
"Rao, Karthik",ACM/CSTA Cutler-Bell Prize in High School Computing,2015,North America
"Rudi, Johann",ACM Gordon Bell Prize,2015,North America
"Savage, Stefan",ACM Prize in Computing,2015,North America
"Shun, Julian",ACM Doctoral Dissertation Award,2015,North America
"Sidford, Aaron",ACM Doctoral Dissertation Award,2015,North America
"Smith, Barry",SIAM/ACM Prize in Computational Science and Engineering,2015,North America
"Staar, Peter W. J.",ACM Gordon Bell Prize,2015,Europe
"Stadler, Georg",ACM Gordon Bell Prize,2015,North America
"Stallman, Richard",ACM Software System Award,2015,North America
"Waters, Brent",ACM Grace Murray Hopper Award,2015,North America
"White, John R.",ACM Presidential Award,2015,North America
"Widom, Jennifer",ACM Athena Lecturer Award,2015,North America
"Yelick, Katherine",ACM-IEEE CS Ken Kennedy Award,2015,North America
"Zhang, Hong",SIAM/ACM Prize in Computational Science and Engineering,2015,North America
"Zou, Cherry",ACM/CSTA Cutler-Bell Prize in High School Computing,2015,North America
"Bank, Joseph A.",ACM Gordon Bell Prize,2014,North America
"Batson, Brannon",ACM Gordon Bell Prize,2014,North America
"Boneh, Dan",ACM Prize in Computing,2014,North America
"Breuer, Alexander",ACM-IEEE CS George Michael Memorial HPC Fellowships,2014,Europe
"Butts, J. Adam",ACM Gordon Bell Prize,2014,North America
"Chao, Jack C.",ACM Gordon Bell Prize,2014,North America
"Criswell, John T",ACM Doctoral Dissertation Award,2014,North America
"Demmel, James",ACM Paris Kanellakis Theory and Practice Award,2014,North America
"Deneroff, Martin M.",ACM Gordon Bell Prize,2014,North America
"Dror, Ron",ACM Gordon Bell Prize,2014,North America
"Duchi, John C.",ACM Doctoral Dissertation Award,2014,North America
"Dumais, Susan T",ACM Athena Lecturer Award,2014,North America
"Even, Amos",ACM Gordon Bell Prize,2014,North America
"Fenton, Christopher H.",ACM Gordon Bell Prize,2014,North America
"Forte, Anthony",ACM Gordon Bell Prize,2014,North America
"Gagliardo, Joseph",ACM Gordon Bell Prize,2014,North America
"Gill, Gennette",ACM Gordon Bell Prize,2014,North America
"Greskamp, Brian",ACM Gordon Bell Prize,2014,North America
"Grossman, J.P.",ACM Gordon Bell Prize,2014,North America
"Hall, Wendy",Outstanding Contribution to ACM Award,2014,Europe
"Ho, C. Richard",ACM Gordon Bell Prize,2014,North America
"Ierardi, Douglas J",ACM Gordon Bell Prize,2014,North America
"Iserovich, Lev",ACM Gordon Bell Prize,2014,North America
"Killebrew, Daniel",ACM Gordon Bell Prize,2014,North America
"Kleinberg, Jon",ACM AAAI Allen Newell Award,2014,North America
"Kuskin, Jeffrey",ACM Gordon Bell Prize,2014,North America
"Larson, Richard",ACM Gordon Bell Prize,2014,North America
"Layman, Timothy",ACM Gordon Bell Prize,2014,North America
"Lee, Li-Siang",ACM Gordon Bell Prize,2014,North America
"Leiserson, Charles E",ACM-IEEE CS Ken Kennedy Award,2014,North America
"Lerer, Adam K.",ACM Gordon Bell Prize,2014,North America
"Li, Chester",ACM Gordon Bell Prize,2014,North America
"Mackenzie, Kenneth M.",ACM Gordon Bell Prize,2014,North America
"Menon, Harshitha",ACM-IEEE CS George Michael Memorial HPC Fellowships,2014,North America
"Mok, Shark Yeuk-Hai",ACM Gordon Bell Prize,2014,North America
"Moraes, Mark",ACM Gordon Bell Prize,2014,North America
"Mudge, Trevor",ACM-IEEE CS Eckert-Mauchly Award,2014,North America
"Mueller, Rolf",ACM Gordon Bell Prize,2014,North America
"Murphy, Robin R",ACM Eugene L. Lawler Award for Humanitarian Contributions within Computer Science and Informatics,2014,North America
"Nociolo, Larry",ACM Gordon Bell Prize,2014,North America
"Peticolas, Jon L.",ACM Gordon Bell Prize,2014,North America
"Quan, Terry",ACM Gordon Bell Prize,2014,North America
"Ramot, Daniel",ACM Gordon Bell Prize,2014,North America
"Rashid, Rick",ACM Software System Award,2014,North America
"Ratnasamy, Sylvia",ACM Grace Murray Hopper Award,2014,Europe
"Sahami, Mehran",ACM Presidential Award,2014,North America
"Salmon, John",ACM Gordon Bell Prize,2014,North America
"Scarpazza, Daniele Paolo",ACM Gordon Bell Prize,2014,North America
"Schafer, U. Ben",ACM Gordon Bell Prize,2014,North America
"Schafter, Uriel Ben",ACM Gordon Bell Prize,2014,North America
"Sen, Rijurekha",ACM India Doctoral Dissertation Award,2014,Asia
"Shaw, David E.",ACM Gordon Bell Prize,2014,North America
"Siddique, Naseer",ACM Gordon Bell Prize,2014,North America
"Snyder, Chris",ACM Gordon Bell Prize,2014,North America
"Snyder, Christopher W.",ACM Gordon Bell Prize,2014,North America
"Spengler, Jochen",ACM Gordon Bell Prize,2014,North America
"Sreejith, A V",ACM India Doctoral Dissertation Award,2014,Asia
"Stonebraker, Michael",ACM A. M. Turing Award,2014,North America
"Tang, Ping Tak Peter",ACM Gordon Bell Prize,2014,North America
"Tevanian, Avie",ACM Software System Award,2014,North America
"Theobald, Michael",ACM Gordon Bell Prize,2014,North America
"Toma, Horia",ACM Gordon Bell Prize,2014,North America
"Towles, Brian",ACM Gordon Bell Prize,2014,North America
"Vitale, Benjamin",ACM Gordon Bell Prize,2014,North America
"Wang, Stanley C.",ACM Gordon Bell Prize,2014,North America
"Wing, Jeannette M.",ACM Distinguished Service Award,2014,North America
"Wulf, William A",ACM Karl V. Karlstrom Outstanding Educator Award,2014,North America
"Young, Cliff",ACM Gordon Bell Prize,2014,North America
"Zaharia, Matei Alexandru",ACM Doctoral Dissertation Award,2014,North America
"Adams, Nikolaus",ACM Gordon Bell Prize,2013,Europe
"Ballard, Grey",ACM Doctoral Dissertation Award,2013,North America
"Barras, Bruno",ACM Software System Award,2013,Europe
"Bekas, Costas",ACM Gordon Bell Prize,2013,Europe
"Bertot, Yves",ACM Software System Award,2013,Europe
"Bertsch, Adam",ACM Gordon Bell Prize,2013,North America
"Blei, David M.",ACM Prize in Computing,2013,North America
"Blumofe, Robert",ACM Paris Kanellakis Theory and Practice Award,2013,North America
"Cappo, Donna",Outstanding Contribution to ACM Award,2013,North America
"Castéran, Pierre",ACM Software System Award,2013,Europe
"Coquand, Thierry",ACM Software System Award,2013,Europe
"Curioni, Alessandro",ACM Gordon Bell Prize,2013,Europe
"Dongarra, Jack",ACM-IEEE CS Ken Kennedy Award,2013,North America
"Felzenszwalb, Pedro F",ACM Grace Murray Hopper Award,2013,North America
"Filliâtre, Jean-Christophe",ACM Software System Award,2013,Europe
"Futral, Scott",ACM Gordon Bell Prize,2013,North America
"Gagliardi, Fabrizio",ACM Presidential Award,2013,Europe
"Garg, Sanjam",ACM Doctoral Dissertation Award,2013,Asia
"Gharan, Shayan Oveis",ACM Doctoral Dissertation Award,2013,Middle East
"Goodman, James",ACM-IEEE CS Eckert-Mauchly Award,2013,North America
"Goos, Gerhard T",ACM Distinguished Service Award,2013,Europe
"Hadjidoukas, Panagiotis",ACM Gordon Bell Prize,2013,Europe
"Harris, Russell",Outstanding Contribution to ACM Award,2013,North America
"Hartmanis, Juris",ACM Distinguished Service Award,2013,North America
"Hejazialhosseini, Babak",ACM Gordon Bell Prize,2013,Middle East
"Herbelin, Hugo",ACM Software System Award,2013,Europe
"Huet, Gerard P",ACM Software System Award,2013,Europe
"Koumoutsakos, Petros",ACM Gordon Bell Prize,2013,Europe
"Lamport, Leslie",ACM A. M. Turing Award,2013,North America
"Leiserson, Charles E",ACM Paris Kanellakis Theory and Practice Award,2013,North America
"Lifflander, Jonathan",ACM-IEEE CS George Michael Memorial HPC Fellowships,2013,North America
"Liu, Yunhao",ACM Presidential Award,2013,Asia
"Murthy, Chetan",ACM Software System Award,2013,Europe
"Narayanan, P J",ACM Presidential Award,2013,Asia
"Paulin-Mohring, Christine",ACM Software System Award,2013,Europe
"Petzold, Linda",SIAM/ACM Prize in Computational Science and Engineering,2013,North America
"Rodger, Susan",ACM Karl V. Karlstrom Outstanding Educator Award,2013,North America
"Rossinelli, Diego",ACM Gordon Bell Prize,2013,Europe
"Saptharishi, Ramprasad",ACM India Doctoral Dissertation Award,2013,Asia
"Schmidt, Steffen",ACM Gordon Bell Prize,2013,Europe
"Solomonik, Edgar",ACM-IEEE CS George Michael Memorial HPC Fellowships,2013,North America
"van Leeuwen, Jan",ACM Distinguished Service Award,2013,Europe
"Yelick, Katherine",ACM Athena Lecturer Award,2013,North America
"Adve, Vikram",ACM Software System Award,2012,North America
"Avizienis, Algirdas",ACM-IEEE CS Eckert-Mauchly Award,2012,North America
"Bartoschek, Thomas",ACM Eugene L. Lawler Award for Humanitarian Contributions within Computer Science and Informatics,2012,Europe
"Broder, Andrei",ACM Paris Kanellakis Theory and Practice Award,2012,North America
"Casado, Martin",ACM Grace Murray Hopper Award,2012,North America
"Charikar, Moses",ACM Paris Kanellakis Theory and Practice Award,2012,North America
"Cheng, Evan",ACM Software System Award,2012,North America
"Dean, Jeffrey A",ACM Prize in Computing,2012,North America
"Gabrys, Ryan",ACM-IEEE CS George Michael Memorial HPC Fellowships,2012,North America
"Ghemawat, Sanjay",ACM Prize in Computing,2012,North America
"Goldwasser, Shafi",ACM A. M. Turing Award,2012,North America
"Gollakota, Shyamnath",ACM Doctoral Dissertation Award,2012,North America
"Gupta, Gagan",ACM-IEEE CS George Michael Memorial HPC Fellowships,2012,North America
"Hawkins, Peter",ACM Doctoral Dissertation Award,2012,Pacific Rim
"Indyk, Piotr",ACM Paris Kanellakis Theory and Practice Award,2012,North America
"Ishiyama, Tomoaki",ACM Gordon Bell Prize,2012,Asia
"Katabi, Dina",ACM Grace Murray Hopper Award,2012,North America
"Kedem, Zvi",Outstanding Contribution to ACM Award,2012,North America
"Lattner, Chris",ACM Software System Award,2012,North America
"Lynch, Nancy",ACM Athena Lecturer Award,2012,North America
"Makino, Junichiro",ACM Gordon Bell Prize,2012,Asia
"Mehta, Ruta",ACM India Doctoral Dissertation Award,2012,Asia
"Micali, Silvio",ACM A. M. Turing Award,2012,North America
"Nitadori, Keigo",ACM Gordon Bell Prize,2012,Asia
"Randles, Amanda",ACM-IEEE CS George Michael Memorial HPC Fellowships,2012,North America
"Randles, Amanda",ACM-IEEE CS George Michael Memorial HPC Fellowships,2012,North America
"Roberts, Eric S",ACM Karl V. Karlstrom Outstanding Educator Award,2012,North America
"Schoening, Johannes",ACM Eugene L. Lawler Award for Humanitarian Contributions within Computer Science and Informatics,2012,Europe
"Shoham, Yoav",ACM AAAI Allen Newell Award,2012,North America
"Soffa, Mary Lou",ACM-IEEE CS Ken Kennedy Award,2012,North America
"Srinivasan, Srikanth",ACM India Doctoral Dissertation Award,2012,Asia
"Sun, Yanhua",ACM-IEEE CS George Michael Memorial HPC Fellowships,2012,North America
"Tennenholtz, Moshe",ACM AAAI Allen Newell Award,2012,Europe
"Valero, Mateo",ACM Distinguished Service Award,2012,Europe
"Valiant, Gregory",ACM Doctoral Dissertation Award,2012,North America
"Abelson, Hal",ACM Karl V. Karlstrom Outstanding Educator Award,2011,North America
"Adams, Greg",ACM Software System Award,2011,North America
"Aoki, Takayuki",ACM Gordon Bell Prize,2011,Asia
"Arora, Sanjeev",ACM Prize in Computing,2011,North America
"Bautista Gomez, Leonardo Arturo",ACM-IEEE CS George Michael Memorial HPC Fellowships,2011,North America
"Bernaschi, Massimo",ACM Gordon Bell Prize,2011,Europe
"Bisson, Mauro",ACM Gordon Bell Prize,2011,North America
"Boku, Taisuke",ACM Gordon Bell Prize,2011,Asia
"Boykin, Timothy B.",ACM Gordon Bell Prize,2011,North America
"Cooper, Seth",ACM Doctoral Dissertation Award,2011,North America
"Duchene, Michael J.",ACM-IEEE CS George Michael Memorial HPC Fellowships,2011,North America
"Duimovich, John",ACM Software System Award,2011,North America
"Endo, Toshio",ACM Gordon Bell Prize,2011,Asia
"Fatica, Massimiliano",ACM Gordon Bell Prize,2011,North America
"Fedosov, Dimitry",ACM Gordon Bell Prize,2011,Europe
"Fichtner, Wolfgang",ACM Gordon Bell Prize,2011,Europe
"Forrest, Stephanie",ACM AAAI Allen Newell Award,2011,North America
"Gamma, Erich",ACM Software System Award,2011,Europe
"Gotlieb, Calvin C.",Outstanding Contribution to ACM Award,2011,North America
"Graham, Susan L",ACM-IEEE CS Ken Kennedy Award,2011,North America
"Grinberg, Leopold",ACM Gordon Bell Prize,2011,North America
"Haaland, Kevin",ACM Software System Award,2011,North America
"Hasegawa, Yukihiro",ACM Gordon Bell Prize,2011,Asia
"Insley, Joseph A",ACM Gordon Bell Prize,2011,North America
"Iwata, Junichi",ACM Gordon Bell Prize,2011,Asia
"Jones, Julian",ACM Software System Award,2011,North America
"Karniadakis, George",ACM Gordon Bell Prize,2011,North America
"Klimeck, Gerhard",ACM Gordon Bell Prize,2011,North America
"Kumaran, Kalyan",ACM Gordon Bell Prize,2011,North America
"Kurokawa, Motoyoshi",ACM Gordon Bell Prize,2011,Asia
"Laguna, Ignacio",ACM-IEEE CS George Michael Memorial HPC Fellowships,2011,North America
"Luisier, Mathieu",ACM Gordon Bell Prize,2011,Europe
"Madry, Aleksander",ACM Doctoral Dissertation Award,2011,North America
"Maruyama, Naoya",ACM Gordon Bell Prize,2011,Asia
"MATSUOKA, SATOSHI",ACM Gordon Bell Prize,2011,Asia
"MATSUOKA, SATOSHI",ACM Gordon Bell Prize,2011,Asia
"Melchionna, Simone",ACM Gordon Bell Prize,2011,Europe
"Minami, Kazuo",ACM Gordon Bell Prize,2011,Asia
"Morozov, Vitali A",ACM Gordon Bell Prize,2011,North America
"Mulet, Philippe",ACM Software System Award,2011,Europe
"Northover, Steve",ACM Software System Award,2011,North America
"Nukada, Akira",ACM Gordon Bell Prize,2011,Asia
"Oden, J. Tinsley",SIAM/ACM Prize in Computational Science and Engineering,2011,North America
"Olson, Judith S",ACM Athena Lecturer Award,2011,North America
"Oshiyama, Atsushi",ACM Gordon Bell Prize,2011,Asia
"Papka, Michael E.",ACM Gordon Bell Prize,2011,North America
"Pearl, Judea",ACM A. M. Turing Award,2011,North America
"Que, Xinyu",ACM-IEEE CS George Michael Memorial HPC Fellowships,2011,North America
"Samet, Hanan",ACM Paris Kanellakis Theory and Practice Award,2011,North America
"Shimokawabe, Takashi",ACM Gordon Bell Prize,2011,Asia
"Shoji, Fumiyoshi",ACM Gordon Bell Prize,2011,Asia
"Sohi, Gurindar S",ACM-IEEE CS Eckert-Mauchly Award,2011,North America
"Steurer, David",ACM Doctoral Dissertation Award,2011,North America
"Succi, Suro",ACM Gordon Bell Prize,2011,Europe
"Takahashi, Daisuke",ACM Gordon Bell Prize,2011,Asia
"Takaki, Tomohiro",ACM Gordon Bell Prize,2011,Asia
"Thomson, Dave",ACM Software System Award,2011,North America
"Tsuji, Miwako",ACM Gordon Bell Prize,2011,Asia
"Uno, Atsuya",ACM Gordon Bell Prize,2011,Asia
"Von Ahn, Luis",ACM Grace Murray Hopper Award,2011,North America
"Weigand, John",ACM Software System Award,2011,North America
"Wulf, William A",ACM Distinguished Service Award,2011,North America
"Yamanaka, Akinori",ACM Gordon Bell Prize,2011,Asia
"Yokokawa, Mitsuo",ACM Gordon Bell Prize,2011,Asia
"Baghsorkhi, Sara",ACM-IEEE CS George Michael Memorial HPC Fellowships,2010,North America
"Bergstrom, Peter",ACM Software System Award,2010,North America
"Biros, George",ACM Gordon Bell Prize,2010,North America
"Chandramowlishwaran, Aparna",ACM Gordon Bell Prize,2010,North America
"Chandramowlishwaran, Aparna",ACM-IEEE CS George Michael Memorial HPC Fellowships,2010,North America
"Dally, William",ACM-IEEE CS Eckert-Mauchly Award,2010,North America
"DeBlasi, Joseph S",Outstanding Contribution to ACM Award,2010,North America
"Eguiluz, Adolfo G.",ACM Gordon Bell Prize,2010,North America
"Ericson, Barbara Jane",ACM Karl V. Karlstrom Outstanding Educator Award,2010,North America
"Gentry, Craig",ACM Grace Murray Hopper Award,2010,North America
"Gordon, Lee R",ACM Software System Award,2010,North America
"Guzdial, Mark",ACM Karl V. Karlstrom Outstanding Educator Award,2010,North America
"Hamada, Tsuyoshi",ACM Gordon Bell Prize,2010,Asia
"Herlocker, Jonathan",ACM Software System Award,2010,North America
"Iacovou, Neophytos",ACM Software System Award,2010,North America
"Irwin, Mary Jane",ACM Athena Lecturer Award,2010,North America
"Joseph, Mathai",ACM Presidential Award,2010,Asia
"Kaashoek, Frans",ACM Prize in Computing,2010,North America
"Kanade, Takeo",ACM AAAI Allen Newell Award,2010,North America
"Konstan, Joseph A",ACM Software System Award,2010,North America
"Kozhevnikov, Anton",ACM Gordon Bell Prize,2010,Europe
"Kuck, David J",ACM-IEEE CS Ken Kennedy Award,2010,North America
"Lam, Shyong K.",ACM Software System Award,2010,North America
"Lashuk, Ilya",ACM Gordon Bell Prize,2010,North America
"Malhotra, Dhairya",ACM Gordon Bell Prize,2010,North America
"Maltz, David",ACM Software System Award,2010,North America
"McNee, Sean M",ACM Software System Award,2010,North America
"Mehlhorn, Kurt",ACM Paris Kanellakis Theory and Practice Award,2010,Europe
"Miller, Bradley N",ACM Software System Award,2010,North America
"Moon, Logan",ACM Gordon Bell Prize,2010,North America
"Nitadori, Keigo",ACM Gordon Bell Prize,2010,Asia
"Norman, Matthew R.",ACM-IEEE CS George Michael Memorial HPC Fellowships,2010,North America
"Parno, Bryan",ACM Doctoral Dissertation Award,2010,North America
"Rahimian, Abtin",ACM Gordon Bell Prize,2010,North America
"Randles, Amanda",ACM-IEEE CS George Michael Memorial HPC Fellowships,2010,North America
"Randles, Amanda",ACM-IEEE CS George Michael Memorial HPC Fellowships,2010,North America
"Resnick, Paul J",ACM Software System Award,2010,North America
"Riedl, John T",ACM Software System Award,2010,North America
"Sampath, Rahul",ACM Gordon Bell Prize,2010,North America
"Schulthess, Thomas",ACM Gordon Bell Prize,2010,Europe
"Shringarpure, Aashay",ACM Gordon Bell Prize,2010,North America
"Snyder, Benjamin",ACM Doctoral Dissertation Award,2010,North America
"Suchak, Mitesh",ACM Software System Award,2010,North America
"Valiant, Leslie G",ACM A. M. Turing Award,2010,North America
"Veerapaneni, Shravan",ACM Gordon Bell Prize,2010,North America
"Vetter, Jeffrey S",ACM Gordon Bell Prize,2010,North America
"Vuduc, Richard W.",ACM Gordon Bell Prize,2010,North America
"Weyuker, Elaine",ACM Presidential Award,2010,North America
"Wilhelm, Reinhard",ACM Distinguished Service Award,2010,Europe
"Zorin, Denis",ACM Gordon Bell Prize,2010,North America
"Abowd, Gregory D.",ACM Eugene L. Lawler Award for Humanitarian Contributions within Computer Science and Informatics,2009,North America
"Ananthanarayanan, Rajapopal",ACM Gordon Bell Prize,2009,North America
"Bank, Joseph A.",ACM Gordon Bell Prize,2009,North America
"Batson, Brannon",ACM Gordon Bell Prize,2009,North America
"Bellare, Mihir",ACM Paris Kanellakis Theory and Practice Award,2009,North America
"Berman, Francine",ACM-IEEE CS Ken Kennedy Award,2009,North America
"Bhatele, Abhinav",ACM-IEEE CS George Michael Memorial HPC Fellowships,2009,North America
"Bowers, Kevin J.",ACM Gordon Bell Prize,2009,North America
"Brewer, Eric A.",ACM Prize in Computing,2009,North America
"Brown, Gregory",ACM Gordon Bell Prize,2009,North America
"Bugnion, Edouard",ACM Software System Award,2009,Europe
"Chow, Edmond",ACM Gordon Bell Prize,2009,North America
"Deneroff, Martin M.",ACM Gordon Bell Prize,2009,North America
"Devine, Scott",ACM Software System Award,2009,North America
"Dror, Ron",ACM Gordon Bell Prize,2009,North America
"Eastwood, Michael P.",ACM Gordon Bell Prize,2009,North America
"Eggers, Susan",ACM Athena Lecturer Award,2009,North America
"Eisenbach, Markus",ACM Gordon Bell Prize,2009,North America
"Emer, Joel",ACM-IEEE CS Eckert-Mauchly Award,2009,North America
"Esser, Steven K.",ACM Gordon Bell Prize,2009,North America
"Felleisen, Matthias",ACM Karl V. Karlstrom Outstanding Educator Award,2009,North America
"Gentry, Craig",ACM Doctoral Dissertation Award,2009,North America
"Grossman, J.P.",ACM Gordon Bell Prize,2009,North America
"Gunawi, Haryadi S",ACM Doctoral Dissertation Award,2009,North America
"Hamada, Tsuyoshi",ACM Gordon Bell Prize,2009,Asia
"Ierardi, Douglas John",ACM Gordon Bell Prize,2009,North America
"Jordan, Michael  I.",ACM AAAI Allen Newell Award,2009,North America
"Klepeis, John L.",ACM Gordon Bell Prize,2009,North America
"Kuskin, Jeffrey",ACM Gordon Bell Prize,2009,North America
"Larkin, Jeffrey M.",ACM Gordon Bell Prize,2009,North America
"Larson, Richard",ACM Gordon Bell Prize,2009,North America
"Lazowska, Edward",ACM Distinguished Service Award,2009,North America
"Lindorff-Larsen, Kresten",ACM Gordon Bell Prize,2009,North America
"Mackenzie, Kenneth M.",ACM Gordon Bell Prize,2009,North America
"Maragakis, Paul",ACM Gordon Bell Prize,2009,North America
"Modha, Dharmendra",ACM Gordon Bell Prize,2009,North America
"Moler, Cleve",SIAM/ACM Prize in Computational Science and Engineering,2009,North America
"Moraes, Mark",ACM Gordon Bell Prize,2009,North America
"Narumi, Tetsu",ACM Gordon Bell Prize,2009,Asia
"Nicholson, Donald M.",ACM Gordon Bell Prize,2009,North America
"Nitadori, Keigo",ACM Gordon Bell Prize,2009,Asia
"Oguri, Kiyoshi",ACM Gordon Bell Prize,2009,Asia
"Piana, Stefano",ACM Gordon Bell Prize,2009,North America
"Platzer, Andre",ACM Doctoral Dissertation Award,2009,North America
"Randles, Amanda",ACM-IEEE CS George Michael Memorial HPC Fellowships,2009,North America
"Randles, Amanda",ACM-IEEE CS George Michael Memorial HPC Fellowships,2009,North America
"Rogaway, Phillip",ACM Paris Kanellakis Theory and Practice Award,2009,North America
"Rosenblum, Mendel",ACM Software System Award,2009,North America
"Roughgarden, Tim",ACM Grace Murray Hopper Award,2009,North America
"Salmon, John",ACM Gordon Bell Prize,2009,North America
"Schulthess, Thomas",ACM Gordon Bell Prize,2009,Europe
"Shan, Yibing",ACM Gordon Bell Prize,2009,North America
"Shaw, David E.",ACM Gordon Bell Prize,2009,North America
"Silberstein, Mark",ACM-IEEE CS George Michael Memorial HPC Fellowships,2009,Europe
"Simon, Horst D",ACM Gordon Bell Prize,2009,North America
"Snavely, Keith Noah",ACM Doctoral Dissertation Award,2009,North America
"Sugerman, Jeremy",ACM Software System Award,2009,North America
"Taiji, Makoto",ACM Gordon Bell Prize,2009,Asia
"Tallent, Nathan",ACM-IEEE CS George Michael Memorial HPC Fellowships,2009,North America
"Thacker, Charles P",ACM A. M. Turing Award,2009,North America
"Towles, Brian",ACM Gordon Bell Prize,2009,North America
"Vardi, Moshe Y",Outstanding Contribution to ACM Award,2009,North America
"Wang, Ellen",ACM Software System Award,2009,North America
"Yasuoka, Kenji",ACM Gordon Bell Prize,2009,Asia
"Yokota, Rio",ACM Gordon Bell Prize,2009,Europe
"Young, Cliff",ACM Gordon Bell Prize,2009,North America
"Zhou, Chenggang",ACM Gordon Bell Prize,2009,North America
"Alvarez, Gonzalo",ACM Gordon Bell Prize,2008,North America
"Bailey, David",ACM Gordon Bell Prize,2008,North America
"Bourne, Stephen",ACM Presidential Award,2008,North America
"Chen, Yong",ACM-IEEE CS George Michael Memorial HPC Fellowships,2008,North America
"Cortes, Corinna",ACM Paris Kanellakis Theory and Practice Award,2008,North America
"Couch, Sean M.",ACM-IEEE CS George Michael Memorial HPC Fellowships,2008,North America
"D'Azevedo, Eduardo Francisco",ACM Gordon Bell Prize,2008,North America
"Daskalakis, Constantinos",ACM Doctoral Dissertation Award,2008,North America
"DeWitt, David",ACM Software System Award,2008,North America
"Eisenbach, Markus",ACM Gordon Bell Prize,2008,North America
"Engler, Dawson",ACM Grace Murray Hopper Award,2008,North America
"Erlich, Yaniv",ACM-IEEE CS George Michael Memorial HPC Fellowships,2008,North America
"Gerber, Robert",ACM Software System Award,2008,North America
"Ghandeharizadeh, Shahram",ACM Software System Award,2008,North America
"Goldwasser, Shafi",ACM Athena Lecturer Award,2008,North America
"Graefe, Goetz",ACM Software System Award,2008,North America
"Graves, Wayne",Outstanding Contribution to ACM Award,2008,North America
"Grosz, Barbara J",ACM AAAI Allen Newell Award,2008,North America
"Halpern, Joseph",ACM AAAI Allen Newell Award,2008,North America
"Heytens, Michael L",ACM Software System Award,2008,North America
"Hoiem, Derek",ACM Doctoral Dissertation Award,2008,North America
"Hopcroft, John E",ACM Karl V. Karlstrom Outstanding Educator Award,2008,North America
"Hsiao, Hui-I",ACM Software System Award,2008,North America
"Katti, Sachin",ACM Doctoral Dissertation Award,2008,North America
"Kent, Paul",ACM Gordon Bell Prize,2008,North America
"Kiswany, Samer Al",ACM-IEEE CS George Michael Memorial HPC Fellowships,2008,North America
"Kleinberg, Jon",ACM Prize in Computing,2008,North America
"Krishna, Murali",ACM Software System Award,2008,North America
"Larkin, Jeffrey M.",ACM Gordon Bell Prize,2008,North America
"Lee, Byounghak",ACM Gordon Bell Prize,2008,North America
"Levesque, John M.",ACM Gordon Bell Prize,2008,North America
"Liskov, Barbara",ACM A. M. Turing Award,2008,North America
"Maier, Thomas A.",ACM Gordon Bell Prize,2008,North America
"Mason, Douglas",ACM-IEEE CS George Michael Memorial HPC Fellowships,2008,North America
"Maxwell, Don E.",ACM Gordon Bell Prize,2008,North America
"Meredith, Jeremy",ACM Gordon Bell Prize,2008,North America
"Meza, Juan C",ACM Gordon Bell Prize,2008,North America
"Naughton, Jeffrey F",ACM Software System Award,2008,North America
"Patterson, David",ACM-IEEE CS Eckert-Mauchly Award,2008,North America
"Quest, Daniel J",ACM-IEEE CS George Michael Memorial HPC Fellowships,2008,North America
"Rous, Bernard",Outstanding Contribution to ACM Award,2008,North America
"Ryan, Pat",ACM Presidential Award,2008,North America
"Ryder, Barbara Gershon",ACM Presidential Award,2008,North America
"Schneider, Donovan A",ACM Software System Award,2008,North America
"Schulthess, Thomas",ACM Gordon Bell Prize,2008,Europe
"Shan, Hongzhang",ACM Gordon Bell Prize,2008,North America
"Sharma, Anoop",ACM Software System Award,2008,North America
"Strohmaier, Erich",ACM Gordon Bell Prize,2008,North America
"Summers, Michael S.",ACM Gordon Bell Prize,2008,North America
"Vapnik, Vladimir",ACM Paris Kanellakis Theory and Practice Award,2008,North America
"Vardi, Moshe Y",ACM Presidential Award,2008,North America
"Wang, Lin-Wang",ACM Gordon Bell Prize,2008,North America
"Whitney, Telle",ACM Distinguished Service Award,2008,North America
"Zhao, Zhengji",ACM Gordon Bell Prize,2008,North America
"Applebaum, Benny",ACM Doctoral Dissertation Award,2007,North America
"Buchberger, Bruno",ACM Paris Kanellakis Theory and Practice Award,2007,Pacific Rim
"Caspersen, Kyle J",ACM Gordon Bell Prize,2007,North America
"Chen, Yong",ACM-IEEE CS George Michael Memorial HPC Fellowships,2007,North America
"Clarke, Edmund",ACM A. M. Turing Award,2007,North America
"Conitzer, Vincent",ACM Doctoral Dissertation Award,2007,North America
"Emerson, E. Allen",ACM A. M. Turing Award,2007,North America
"Glosli, James N",ACM Gordon Bell Prize,2007,North America
"Guibas, Leonidas",ACM AAAI Allen Newell Award,2007,North America
"Gunnels, John",ACM Gordon Bell Prize,2007,North America
"Harel, David",ACM Software System Award,2007,Europe
"Hoemmen, Mark",ACM-IEEE CS George Michael Memorial HPC Fellowships,2007,North America
"Jacob, Arpith",ACM-IEEE CS George Michael Memorial HPC Fellowships,2007,North America
"Koller, Daphne",ACM Prize in Computing,2007,North America
"Lachover, Hagi",ACM Software System Award,2007,Europe
"Liu, Yan",ACM Doctoral Dissertation Award,2007,North America
"Madduri, Kamesh",ACM-IEEE CS George Michael Memorial HPC Fellowships,2007,North America
"Naamad, Amnon",ACM Software System Award,2007,North America
"Patterson, David",ACM Distinguished Service Award,2007,North America
"Pausch, Randy",ACM Karl V. Karlstrom Outstanding Educator Award,2007,North America
"Paxson, Vern",ACM Grace Murray Hopper Award,2007,North America
"Pnueli, Amir",ACM Software System Award,2007,North America
"Politi, Michal",ACM Software System Award,2007,North America
"Richards, David F",ACM Gordon Bell Prize,2007,North America
"Rudd, Robert E",ACM Gordon Bell Prize,2007,North America
"Sherman, Rivi",ACM Software System Award,2007,North America
"Shu, Chi-Wang",SIAM/ACM Prize in Computational Science and Engineering,2007,North America
"Sifakis, Joseph",ACM A. M. Turing Award,2007,Europe
"Sparck-Jones, Karen",ACM Athena Lecturer Award,2007,North America
"Streitz, Frederick H",ACM Gordon Bell Prize,2007,North America
"Trakhtenbrot, Mark",ACM Software System Award,2007,Europe
"Trauring, Aron",ACM Software System Award,2007,North America
"Valero, Mateo",ACM-IEEE CS Eckert-Mauchly Award,2007,Europe
"Walker, Robert A.",Outstanding Contribution to ACM Award,2007,North America
"Wang, Chao",ACM-IEEE CS George Michael Memorial HPC Fellowships,2007,North America
"Wang, Randy",ACM Eugene L. Lawler Award for Humanitarian Contributions within Computer Science and Informatics,2007,North America
"Yekhanin, Sergey",ACM Doctoral Dissertation Award,2007,Europe
"Agarwala, Aseem",ACM Doctoral Dissertation Award,2006,North America
"Allen, Frances",ACM A. M. Turing Award,2006,North America
"Austel, Vernon",ACM Gordon Bell Prize,2006,North America
"Bhanot, Gyan",ACM Gordon Bell Prize,2006,North America
"Blumrich, Matt",ACM Gordon Bell Prize,2006,North America
"Brayton, Robert",ACM Paris Kanellakis Theory and Practice Award,2006,North America
"Chen, Dong",ACM Gordon Bell Prize,2006,North America
"Cuny, Janice",ACM Presidential Award,2006,North America
"de Supinski, Bronis R.",ACM Gordon Bell Prize,2006,North America
"Draeger, Erik Walter",ACM Gordon Bell Prize,2006,North America
"Estrin, Deborah",ACM Athena Lecturer Award,2006,North America
"Fatatsugi, Noriyuki",ACM Gordon Bell Prize,2006,Asia
"Franchetti, Franz",ACM Gordon Bell Prize,2006,North America
"Fujikawa, Shigenori",ACM Gordon Bell Prize,2006,Asia
"Gara, Alan",ACM Gordon Bell Prize,2006,North America
"Giampapa, Mark",ACM Gordon Bell Prize,2006,North America
"Graham, Susan L",ACM Distinguished Service Award,2006,North America
"Gunnels, John A.",ACM Gordon Bell Prize,2006,North America
"Gygi, Francois",ACM Gordon Bell Prize,2006,North America
"Heidelberger, Philip",ACM Gordon Bell Prize,2006,North America
"Himeno, Ryutaro",ACM Gordon Bell Prize,2006,Asia
"Ikei, Mitsuru",ACM Gordon Bell Prize,2006,North America
"Klein, Daniel",ACM Grace Murray Hopper Award,2006,North America
"Koishi, Takahiro",ACM Gordon Bell Prize,2006,Asia
"Kral, Stefan",ACM Gordon Bell Prize,2006,Europe
"Lorenz, Juergen",ACM Gordon Bell Prize,2006,Europe
"Meyer, Bertrand",ACM Software System Award,2006,Europe
"Narumi, Tetsu",ACM Gordon Bell Prize,2006,Asia
"Ng, Yi-Ren",ACM Doctoral Dissertation Award,2006,North America
"Ohno, Yousuke",ACM Gordon Bell Prize,2006,Asia
"Okimoto, Noriaki",ACM Gordon Bell Prize,2006,Asia
"Pomerene, James H",ACM-IEEE CS Eckert-Mauchly Award,2006,North America
"Salapura, Valentina",ACM Gordon Bell Prize,2006,North America
"Schulz, Martin",ACM Gordon Bell Prize,2006,Europe
"Sexton, James C.",ACM Gordon Bell Prize,2006,North America
"Sexton, James C.",ACM Gordon Bell Prize,2006,North America
"Soltz, Ron",ACM Gordon Bell Prize,2006,North America
"Spafford, Eugene H.",ACM Presidential Award,2006,North America
"Sparck-Jones, Karen",ACM AAAI Allen Newell Award,2006,Europe
"Suenaga, Atsushi",ACM Gordon Bell Prize,2006,Asia
"Taiji, Makoto",ACM Gordon Bell Prize,2006,Asia
"Ueberhuber, Christoph W",ACM Gordon Bell Prize,2006,Europe
"Vranas, Pavlos",ACM Gordon Bell Prize,2006,North America
"Wise, David S",Outstanding Contribution to ACM Award,2006,North America
"Yanai, Ryoko",ACM Gordon Bell Prize,2006,Asia
"Bechtolsheim, Andreas",ACM Presidential Award,2005,North America
"Boyer, Robert S",ACM Software System Award,2005,North America
"Brandt, Achi",SIAM/ACM Prize in Computational Science and Engineering,2005,North America
"Colwell, Robert P.",ACM-IEEE CS Eckert-Mauchly Award,2005,North America
"Dousse, Olivier",ACM Doctoral Dissertation Award,2005,North America
"Ehrensperger, Albrecht",ACM Eugene L. Lawler Award for Humanitarian Contributions within Computer Science and Informatics,2005,North America
"Gotterbarn, Don",Outstanding Contribution to ACM Award,2005,North America
"Holzmann, Gerard J.",ACM Paris Kanellakis Theory and Practice Award,2005,North America
"Irwin, Mary Jane",ACM Distinguished Service Award,2005,North America
"Kaufmann, Matt",ACM Software System Award,2005,North America
"Kurshan, Robert P.",ACM Paris Kanellakis Theory and Practice Award,2005,North America
"Lazowska, Edward",ACM Presidential Award,2005,North America
"Liblit, Ben",ACM Doctoral Dissertation Award,2005,North America
"Mbuguah, Solomon",ACM Eugene L. Lawler Award for Humanitarian Contributions within Computer Science and Informatics,2005,North America
"Minker, Jack",ACM AAAI Allen Newell Award,2005,North America
"Moore, J Strother",ACM Software System Award,2005,North America
"Naur, Peter",ACM A. M. Turing Award,2005,Europe
"Reingold, Omer",ACM Grace Murray Hopper Award,2005,Europe
"Russell, Stuart",ACM Karl V. Karlstrom Outstanding Educator Award,2005,Europe
"Siva, Ernest",ACM Eugene L. Lawler Award for Humanitarian Contributions within Computer Science and Informatics,2005,North America
"Vardi, Moshe Y",ACM Paris Kanellakis Theory and Practice Award,2005,North America
"Wolper, Pierre",ACM Paris Kanellakis Theory and Practice Award,2005,Europe
"Barak, Boaz",ACM Doctoral Dissertation Award,2004,North America
"Bindignavle, Raghuram",ACM Software System Award,2004,North America
"Brooks, Frederick",ACM-IEEE CS Eckert-Mauchly Award,2004,North America
"Cerf, Vinton",ACM A. M. Turing Award,2004,North America
"Coffman, Ed",ACM Distinguished Service Award,2004,North America
"Freund, Yoav",ACM Paris Kanellakis Theory and Practice Award,2004,North America
"Gabriel, Richard",ACM AAAI Allen Newell Award,2004,North America
"Johari, Ramesh",ACM Doctoral Dissertation Award,2004,North America
"Kahn, Robert E",ACM A. M. Turing Award,2004,North America
"Lam, Simon S",ACM Software System Award,2004,North America
"Rexford, Jennifer",ACM Grace Murray Hopper Award,2004,North America
"Schapire, Robert",ACM Paris Kanellakis Theory and Practice Award,2004,North America
"Snodgrass, Richard",Outstanding Contribution to ACM Award,2004,North America
"Su, Shaowen",ACM Software System Award,2004,North America
"Witchel, Emmett",ACM Doctoral Dissertation Award,2004,North America
"Woo, Thomas Y. C.",ACM Software System Award,2004,North America
"Bajcsy, Ruzena",ACM Distinguished Service Award,2003,North America
"Ball, Patrick",ACM Eugene L. Lawler Award for Humanitarian Contributions within Computer Science and Informatics,2003,North America
"Doan, AnHai",ACM Doctoral Dissertation Award,2003,North America
"Feldman, Stuart",ACM Software System Award,2003,North America
"Fisher, Joseph A. (Josh)",ACM-IEEE CS Eckert-Mauchly Award,2003,North America
"Haussler, David",ACM AAAI Allen Newell Award,2003,North America
"Johnson, Mark Scott",Outstanding Contribution to ACM Award,2003,North America
"Katabi, Dina",ACM Doctoral Dissertation Award,2003,North America
"Kay, Alan",ACM A. M. Turing Award,2003,North America
"Keckler, Stephen",ACM Grace Murray Hopper Award,2003,North America
"Khot, Subhash",ACM Doctoral Dissertation Award,2003,North America
"Miller, Gary L",ACM Paris Kanellakis Theory and Practice Award,2003,North America
"Pearl, Judea",ACM AAAI Allen Newell Award,2003,North America
"Rabin, Michael O.",ACM Paris Kanellakis Theory and Practice Award,2003,North America
"Sahni, Sartaj K",ACM Karl V. Karlstrom Outstanding Educator Award,2003,North America
"Solovay, Robert",ACM Paris Kanellakis Theory and Practice Award,2003,North America
"Strassen, Volker",ACM Paris Kanellakis Theory and Practice Award,2003,North America
"Adleman, Leonard M.",ACM A. M. Turing Award,2002,North America
"Bell, John B.",SIAM/ACM Prize in Computational Science and Engineering,2002,North America
"Chen, Peter",ACM AAAI Allen Newell Award,2002,North America
"Colella, Phillip",SIAM/ACM Prize in Computational Science and Engineering,2002,North America
"Franaszek, Peter A.",ACM Paris Kanellakis Theory and Practice Award,2002,North America
"Gorgone, John",ACM Karl V. Karlstrom Outstanding Educator Award,2002,North America
"Gosling, James",ACM Software System Award,2002,North America
"Gotlieb, Calvin C.",ACM Presidential Award,2002,North America
"Guruswami, Venkatesan",ACM Doctoral Dissertation Award,2002,North America
"Miller, Raymond",ACM Distinguished Service Award,2002,North America
"Miller, Robert C.",ACM Doctoral Dissertation Award,2002,North America
"Rau, Bantwal R",ACM-IEEE CS Eckert-Mauchly Award,2002,North America
"Rivest, Ronald L",ACM A. M. Turing Award,2002,North America
"Roughgarden, Tim",ACM Doctoral Dissertation Award,2002,North America
"Ryan, Pat",Outstanding Contribution to ACM Award,2002,North America
"Shamir, Adi",ACM A. M. Turing Award,2002,Europe
"Srikant, Ramakrishnan",ACM Grace Murray Hopper Award,2002,North America
"Bajcsy, Ruzena",ACM AAAI Allen Newell Award,2001,North America
"Blitch, John",ACM Eugene L. Lawler Award for Humanitarian Contributions within Computer Science and Informatics,2001,North America
"Dahl, Ole-Johan",ACM A. M. Turing Award,2001,Europe
"Dale, Nell B.",ACM Karl V. Karlstrom Outstanding Educator Award,2001,North America
"Hennessy, John L",ACM-IEEE CS Eckert-Mauchly Award,2001,North America
"Holzmann, Gerard J.",ACM Software System Award,2001,North America
"Kim, Won",ACM Distinguished Service Award,2001,North America
"Myers, Eugene",ACM Paris Kanellakis Theory and Practice Award,2001,North America
"Necula, George",ACM Grace Murray Hopper Award,2001,North America
"Nygaard, Kristen",ACM A. M. Turing Award,2001,Europe
"O'Callahan, Robert",ACM Doctoral Dissertation Award,2001,North America
"Simons, Barbara B",Outstanding Contribution to ACM Award,2001,North America
"Stoica, Ion",ACM Doctoral Dissertation Award,2001,North America
"Wagner, David",ACM Doctoral Dissertation Award,2001,North America
"Berghel, Hal",Outstanding Contribution to ACM Award,2000,North America
"Chan, William",ACM Doctoral Dissertation Award,2000,North America
"Davidson, Edward",ACM-IEEE CS Eckert-Mauchly Award,2000,North America
"Ernst, Michael D.",ACM Doctoral Dissertation Award,2000,North America
"Karmarkar, Narendra",ACM Paris Kanellakis Theory and Practice Award,2000,North America
"Kavraki, Lydia",ACM Grace Murray Hopper Award,2000,Europe
"Patt, Yale",ACM Karl V. Karlstrom Outstanding Educator Award,2000,North America
"Vadhan, Salil P",ACM Doctoral Dissertation Award,2000,North America
"Wegner, Peter",ACM Distinguished Service Award,2000,North America
"Yao, Andrew C",ACM A. M. Turing Award,2000,Asia
"Zadeh, Lotfi",ACM AAAI Allen Newell Award,2000,North America
"Behlendorf, Brian",ACM Software System Award,1999,North America
"Boisvert, Ronald",Outstanding Contribution to ACM Award,1999,North America
"Borg, Anita",ACM Distinguished Service Award,1999,North America
"Brooks, Frederick",ACM A. M. Turing Award,1999,North America
"Fielding, Roy T.",ACM Software System Award,1999,North America
"Hartill, Rob",ACM Software System Award,1999,North America
"Hwu, Wen-Mei",ACM Grace Murray Hopper Award,1999,North America
"Katz, Randy H.",ACM Karl V. Karlstrom Outstanding Educator Award,1999,North America
"Leveson, Nancy",ACM AAAI Allen Newell Award,1999,North America
"Robinson, David",ACM Software System Award,1999,North America
"Skolnick, Cliff",ACM Software System Award,1999,North America
"Sleator, Daniel",ACM Paris Kanellakis Theory and Practice Award,1999,North America
"Smith, James E.",ACM-IEEE CS Eckert-Mauchly Award,1999,North America
"Stone, Antonia",ACM Eugene L. Lawler Award for Humanitarian Contributions within Computer Science and Informatics,1999,North America
"Tarjan, Robert E",ACM Paris Kanellakis Theory and Practice Award,1999,North America
"Terbush, Randy",ACM Software System Award,1999,North America
"Thau, Robert S.",ACM Software System Award,1999,North America
"van Melkebeek, Dieter",ACM Doctoral Dissertation Award,1999,North America
"Wilson, Andrew",ACM Software System Award,1999,North America
"Amarel, Saul",ACM AAAI Allen Newell Award,1998,North America
"Ashenhurst, R L",Outstanding Contribution to ACM Award,1998,North America
"Balakrishnan, Hari",ACM Doctoral Dissertation Award,1998,North America
"Bryant, Randal E",ACM Paris Kanellakis Theory and Practice Award,1998,North America
"Chambers, John M.",ACM Software System Award,1998,North America
"Clarke, Edmund",ACM Paris Kanellakis Theory and Practice Award,1998,North America
"Denning, Peter J",Outstanding Contribution to ACM Award,1998,North America
"Emerson, E. Allen",ACM Paris Kanellakis Theory and Practice Award,1998,North America
"Gage, John",ACM Presidential Award,1998,North America
"Gray, Jim",ACM A. M. Turing Award,1998,North America
"McMillan, Kenneth L.",ACM Paris Kanellakis Theory and Practice Award,1998,North America
"Silberschatz, Abraham",ACM Karl V. Karlstrom Outstanding Educator Award,1998,North America
"Watanabe, T.",ACM-IEEE CS Eckert-Mauchly Award,1998,North America
"Brandin, David H",ACM Distinguished Service Award,1997,North America
"Engelbart, Douglas",ACM A. M. Turing Award,1997,North America
"Lempel, Abraham",ACM Paris Kanellakis Theory and Practice Award,1997,North America
"McCanne, Steven R.",ACM Doctoral Dissertation Award,1997,North America
"Mead, Carver",ACM AAAI Allen Newell Award,1997,North America
"Ousterhout, John",ACM Software System Award,1997,North America
"Tomasulo, Robert",ACM-IEEE CS Eckert-Mauchly Award,1997,North America
"Ullman, Jeffrey D",ACM Karl V. Karlstrom Outstanding Educator Award,1997,North America
"Ziv, Jacob",ACM Paris Kanellakis Theory and Practice Award,1997,North America
"Zweben, Stuart",Outstanding Contribution to ACM Award,1997,North America
"Adleman, Leonard M.",ACM Paris Kanellakis Theory and Practice Award,1996,North America
"Aiken, Robert",Outstanding Contribution to ACM Award,1996,North America
"Berghel, Hal",ACM Distinguished Service Award,1996,North America
"Denning, Peter J",ACM Karl V. Karlstrom Outstanding Educator Award,1996,North America
"Diffie, Whitfield",ACM Paris Kanellakis Theory and Practice Award,1996,North America
"Goldwasser, Shafi",ACM Grace Murray Hopper Award,1996,North America
"Hellman, Martin",ACM Paris Kanellakis Theory and Practice Award,1996,North America
"Merkle, Ralph",ACM Paris Kanellakis Theory and Practice Award,1996,North America
"Patt, Yale",ACM-IEEE CS Eckert-Mauchly Award,1996,North America
"Pnueli, Amir",ACM A. M. Turing Award,1996,North America
"Rivest, Ronald L",ACM Paris Kanellakis Theory and Practice Award,1996,North America
"Shamir, Adi",ACM Paris Kanellakis Theory and Practice Award,1996,North America
"Tu, Xiaoyuan",ACM Doctoral Dissertation Award,1996,North America
"Waldspurger, Carl",ACM Doctoral Dissertation Award,1996,North America
"Andreessen, Marc",ACM Software System Award,1995,North America
"Arora, Sanjeev",ACM Doctoral Dissertation Award,1995,North America
"Berners-Lee, Tim",ACM Software System Award,1995,North America
"Bina, Eric",ACM Software System Award,1995,North America
"Blum, Manuel",ACM A. M. Turing Award,1995,North America
"Cailliau, Robert",ACM Software System Award,1995,North America
"Crawford, John",ACM-IEEE CS Eckert-Mauchly Award,1995,North America
"Gries, David Joseph",ACM Karl V. Karlstrom Outstanding Educator Award,1995,North America
"Lederberg, Joshua",ACM AAAI Allen Newell Award,1995,North America
"Lidtke, Doris",ACM Distinguished Service Award,1995,North America
"Spielman, Daniel A",ACM Doctoral Dissertation Award,1995,North America
"Turner, A. Joe",Outstanding Contribution to ACM Award,1995,North America
"Birrell, Andrew",ACM Software System Award,1994,North America
"Brooks, Frederick",ACM AAAI Allen Newell Award,1994,North America
"Feigenbaum, Edward A",ACM A. M. Turing Award,1994,North America
"Karger, David",ACM Doctoral Dissertation Award,1994,North America
"Nelson, Bruce",ACM Software System Award,1994,North America
"Raman, T.V.",ACM Doctoral Dissertation Award,1994,North America
"Reddy, Raj",ACM A. M. Turing Award,1994,North America
"Tanenbaum, Andrew S.",ACM Karl V. Karlstrom Outstanding Educator Award,1994,North America
"Thornton, James E.",ACM-IEEE CS Eckert-Mauchly Award,1994,North America
"White, John R.",Outstanding Contribution to ACM Award,1994,North America
"Esbin, John H. (Jack)",Outstanding Contribution to ACM Award,1993,North America
"Friedman, Frank",Outstanding Contribution to ACM Award,1993,North America
"Hartmanis, Juris",ACM A. M. Turing Award,1993,North America
"Kistler, James J.",ACM Doctoral Dissertation Award,1993,North America
"Kuck, David J",ACM-IEEE CS Eckert-Mauchly Award,1993,North America
"Lee, J.A.N.",ACM Distinguished Service Award,1993,North America
"Nayak, Pandu",ACM Doctoral Dissertation Award,1993,North America
"Stearns, Richard E",ACM A. M. Turing Award,1993,North America
"Stroustrup, Bjarne",ACM Grace Murray Hopper Award,1993,North America
"Sudan, Madhu",ACM Doctoral Dissertation Award,1993,North America
"Sutherland, Ivan",ACM Software System Award,1993,North America
"van Dam, Andries",ACM Karl V. Karlstrom Outstanding Educator Award,1993,North America
"Adams, James M.",Outstanding Contribution to ACM Award,1992,North America
"Bobrow, Daniel",ACM Software System Award,1992,North America
"Borman, Lorraine",Outstanding Contribution to ACM Award,1992,North America
"Burton, Richard R.",ACM Software System Award,1992,North America
"Deutsch, L Peter",ACM Software System Award,1992,North America
"Flynn, Michael J",ACM-IEEE CS Eckert-Mauchly Award,1992,North America
"Harel, David",ACM Karl V. Karlstrom Outstanding Educator Award,1992,Europe
"Kaplan, Ronald M.",ACM Software System Award,1992,North America
"Lampson, Butler W",ACM A. M. Turing Award,1992,North America
"Little, Joyce Currie",ACM Distinguished Service Award,1992,North America
"Masinter, Larry M",ACM Software System Award,1992,North America
"McMillan, Kenneth",ACM Doctoral Dissertation Award,1992,North America
"Neumann, Peter G",Outstanding Contribution to ACM Award,1992,North America
"Rosenblum, Mendel",ACM Doctoral Dissertation Award,1992,North America
"Teitelman, Warren",ACM Software System Award,1992,North America
"Cerf, Vinton",ACM Software System Award,1991,North America
"Dan, Asit",ACM Doctoral Dissertation Award,1991,North America
"Engel, Gerald L",ACM Distinguished Service Award,1991,North America
"Gibson, Garth A",ACM Doctoral Dissertation Award,1991,North America
"Hsu, Feng-hsiung",ACM Grace Murray Hopper Award,1991,North America
"Kahn, Robert E",ACM Software System Award,1991,North America
"Lund, Carsten",ACM Doctoral Dissertation Award,1991,North America
"Milner, A J",ACM A. M. Turing Award,1991,Europe
"Patterson, David",ACM Karl V. Karlstrom Outstanding Educator Award,1991,North America
"Schapire, Robert",ACM Doctoral Dissertation Award,1991,North America
"Smith, Burton",ACM-IEEE CS Eckert-Mauchly Award,1991,North America
"Tucker, Allen",Outstanding Contribution to ACM Award,1991,North America
"Batcher, Kenneth E.",ACM-IEEE CS Eckert-Mauchly Award,1990,North America
"Carlson, Walter",ACM Distinguished Service Award,1990,North America
"Corbato, Fernando J",ACM A. M. Turing Award,1990,North America
"Engelbart, Douglas",ACM Software System Award,1990,North America
"English, William K.",ACM Software System Award,1990,North America
"Geffner, Hector",ACM Doctoral Dissertation Award,1990,North America
"Heckerman, David",ACM Doctoral Dissertation Award,1990,North America
"Nissan, Noam",ACM Doctoral Dissertation Award,1990,North America
"Poucher, William B",Outstanding Contribution to ACM Award,1990,North America
"Rulifson, Jeff",ACM Software System Award,1990,North America
"Stallman, Richard",ACM Grace Murray Hopper Award,1990,North America
"Sussman, Gerald",ACM Karl V. Karlstrom Outstanding Educator Award,1990,North America
"Brotz, Douglas K",ACM Software System Award,1989,North America
"Cray, Seymour",ACM-IEEE CS Eckert-Mauchly Award,1989,North America
"Denning, Peter J",ACM Distinguished Service Award,1989,North America
"Geschke, Charles M",ACM Software System Award,1989,North America
"Hillis, William Daniel",ACM Grace Murray Hopper Award,1989,North America
"Kahan, William",ACM A. M. Turing Award,1989,North America
"Kearns, Michael J.",ACM Doctoral Dissertation Award,1989,North America
"Killian, Joe",ACM Doctoral Dissertation Award,1989,North America
"Liu, C.L.",ACM Karl V. Karlstrom Outstanding Educator Award,1989,Asia
"Newborn, Monroe",Outstanding Contribution to ACM Award,1989,North America
"Paxton, William H.",ACM Software System Award,1989,North America
"Saraswat, Vijay",ACM Doctoral Dissertation Award,1989,North America
"Taft, Edward A.",ACM Software System Award,1989,North America
"Warnock, John",ACM Software System Award,1989,North America
"Bradshaw, Charles L",ACM Distinguished Service Award,1988,North America
"Chamberlin, Donald",ACM Software System Award,1988,North America
"Condon, Anne",ACM Doctoral Dissertation Award,1988,North America
"DeFanti, Thomas",Outstanding Contribution to ACM Award,1988,North America
"Dill, David",ACM Doctoral Dissertation Award,1988,North America
"Gray, Jim",ACM Software System Award,1988,North America
"Held, Gerald",ACM Software System Award,1988,North America
"Karchmer, Mauricio",ACM Doctoral Dissertation Award,1988,North America
"Lorie, Raymond A",ACM Software System Award,1988,North America
"Putzolu, Gianfranco",ACM Software System Award,1988,North America
"Selinger, Patricia",ACM Software System Award,1988,North America
"Siewiorek, Daniel",ACM-IEEE CS Eckert-Mauchly Award,1988,North America
"Steele, Guy L",ACM Grace Murray Hopper Award,1988,North America
"Stonebraker, Michael",ACM Software System Award,1988,North America
"Sutherland, Ivan",ACM A. M. Turing Award,1988,North America
"Traiger, Irv",ACM Software System Award,1988,North America
"Wong, Eugene",ACM Software System Award,1988,North America
"Amdahl, Gene M.",ACM-IEEE CS Eckert-Mauchly Award,1987,North America
"Brooks, Frederick",ACM Distinguished Service Award,1987,North America
"Brown, Marc H.",ACM Doctoral Dissertation Award,1987,North America
"Canny, John",ACM Doctoral Dissertation Award,1987,North America
"Cocke, John",ACM A. M. Turing Award,1987,North America
"Coffman, Ed",Outstanding Contribution to ACM Award,1987,North America
"Curtis, Kent K.",ACM Presidential Award,1987,North America
"Goldberg, Adele",ACM Software System Award,1987,North America
"Greengard, Leslie",ACM Doctoral Dissertation Award,1987,North America
"Ingalls, Daniel H.H.",ACM Software System Award,1987,North America
"Kay, Alan",ACM Software System Award,1987,North America
"Ousterhout, John",ACM Grace Murray Hopper Award,1987,North America
"Cragon, Harvey G",ACM-IEEE CS Eckert-Mauchly Award,1986,North America
"Ebeling, Carl",ACM Doctoral Dissertation Award,1986,North America
"Hopcroft, John E",ACM A. M. Turing Award,1986,North America
"Joy, William N.",ACM Grace Murray Hopper Award,1986,North America
"Knuth, Donald E",ACM Software System Award,1986,North America
"Maisel, Herbert",Outstanding Contribution to ACM Award,1986,North America
"Maple, Clair",ACM Distinguished Service Award,1986,North America
"Mulmuley, Ketan D.",ACM Doctoral Dissertation Award,1986,North America
"Tarjan, Robert E",ACM A. M. Turing Award,1986,North America
"Torkel Hastad, Johan",ACM Doctoral Dissertation Award,1986,North America
"Ungar, David M",ACM Doctoral Dissertation Award,1986,North America
"Bricklin, Daniel S",ACM Software System Award,1985,North America
"Chor, Ben-Zion",ACM Doctoral Dissertation Award,1985,North America
"Cocke, John",ACM-IEEE CS Eckert-Mauchly Award,1985,North America
"D'Auria, Thomas A",Outstanding Contribution to ACM Award,1985,North America
"Ellis, John R.",ACM Doctoral Dissertation Award,1985,North America
"Frankston, Robert",ACM Software System Award,1985,North America
"Green, Cordell",ACM Grace Murray Hopper Award,1985,North America
"Hillis, William Daniel",ACM Doctoral Dissertation Award,1985,North America
"Kahn, Robert E",ACM Presidential Award,1985,North America
"Karp, Richard",ACM A. M. Turing Award,1985,North America
"Minker, Jack",Outstanding Contribution to ACM Award,1985,North America
"Sammet, Jean E",ACM Distinguished Service Award,1985,North America
"Bach, Carl E.",ACM Doctoral Dissertation Award,1984,North America
"Baird, Henry",ACM Doctoral Dissertation Award,1984,North America
"Dennis, Jack",ACM-IEEE CS Eckert-Mauchly Award,1984,North America
"Ingalls, Daniel H.H.",ACM Grace Murray Hopper Award,1984,North America
"Katevenis, Manolis G.H.",ACM Doctoral Dissertation Award,1984,Europe
"Korein, James",ACM Doctoral Dissertation Award,1984,North America
"Lampson, Butler W",ACM Software System Award,1984,North America
"Rosen, Saul",ACM Distinguished Service Award,1984,North America
"Taulbee, Orrin E.",Outstanding Contribution to ACM Award,1984,North America
"Taylor, Robert W",ACM Software System Award,1984,North America
"Thacker, Charles P",ACM Software System Award,1984,North America
"Wirth, Niklaus E",ACM A. M. Turing Award,1984,Europe
"Austing, Richard H",Outstanding Contribution to ACM Award,1983,North America
"Hildreth, Ellen",ACM Doctoral Dissertation Award,1983,North America
"Hopper, Grace Murray",ACM Distinguished Service Award,1983,North America
"Johnson, Steven",ACM Doctoral Dissertation Award,1983,North America
"Kilburn, Tom",ACM-IEEE CS Eckert-Mauchly Award,1983,North America
"Reps, Thomas",ACM Doctoral Dissertation Award,1983,North America
"Ritchie, Dennis M.",ACM A. M. Turing Award,1983,North America
"Ritchie, Dennis M.",ACM Software System Award,1983,North America
"Thompson, Kenneth Lane",ACM A. M. Turing Award,1983,North America
"Thompson, Kenneth Lane",ACM Software System Award,1983,North America
"Wolfson, Seymour J",Outstanding Contribution to ACM Award,1983,North America
"Bell, C Gordon",ACM-IEEE CS Eckert-Mauchly Award,1982,North America
"Blasgen, Michael W",ACM Programming Systems and Languages Paper Award,1982,North America
"Cook, Stephen A",ACM A. M. Turing Award,1982,North America
"Gray, Jim",ACM Programming Systems and Languages Paper Award,1982,North America
"Harris, Fred H",Outstanding Contribution to ACM Award,1982,North America
"Leiserson, Charles E",ACM Doctoral Dissertation Award,1982,North America
"Lindsay, Bruce",ACM Programming Systems and Languages Paper Award,1982,North America
"Lorie, Raymond A",ACM Programming Systems and Languages Paper Award,1982,North America
"McJones, Paul R",ACM Programming Systems and Languages Paper Award,1982,North America
"Price, Thomas G",ACM Programming Systems and Languages Paper Award,1982,North America
"Putzolu, Gianfranco",ACM Programming Systems and Languages Paper Award,1982,North America
"Ralston, Anthony",ACM Distinguished Service Award,1982,Europe
"Reid, Brian K.",ACM Grace Murray Hopper Award,1982,North America
"Traiger, Irv",ACM Programming Systems and Languages Paper Award,1982,North America
"Bricklin, Daniel S",ACM Grace Murray Hopper Award,1981,North America
"Clark, Wesley A.",ACM-IEEE CS Eckert-Mauchly Award,1981,North America
"Codd, Edgar F",ACM A. M. Turing Award,1981,North America
"Finerman, Aaron",ACM Distinguished Service Award,1981,North America
"Lee, J.A.N.",Outstanding Contribution to ACM Award,1981,North America
"Cook, Douglas",ACM Doctoral Dissertation Award,1980,North America
"Davis, Ruth E.",ACM Doctoral Dissertation Award,1980,North America
"Galler, Bernard",ACM Distinguished Service Award,1980,North America
"Hoare, C. Antony R.",ACM A. M. Turing Award,1980,Europe
"Larson, Lawrence Edwin",ACM Doctoral Dissertation Award,1980,North America
"Metcalfe, Robert M.",ACM Grace Murray Hopper Award,1980,North America
"Metcalfe, Robert Melancton",ACM Grace Murray Hopper Award,1980,North America
"Slonim, Jacob",ACM Doctoral Dissertation Award,1980,North America
"Wilkes, Maurice V.",ACM-IEEE CS Eckert-Mauchly Award,1980,Europe
"Barton, Robert S.",ACM-IEEE CS Eckert-Mauchly Award,1979,North America
"Hammer, Carl",ACM Distinguished Service Award,1979,North America
"Iverson, Kenneth E.",ACM A. M. Turing Award,1979,North America
"Lynn, M Stuart",Outstanding Contribution to ACM Award,1979,North America
"Parnas, David Lorge",ACM Programming Systems and Languages Paper Award,1979,North America
"Wozniak, Stephen",ACM Grace Murray Hopper Award,1979,North America
"Cattell, Roderic G.",ACM Doctoral Dissertation Award,1978,North America
"Floyd, Robert W.",ACM A. M. Turing Award,1978,North America
"Kurzweil, Ray",ACM Grace Murray Hopper Award,1978,North America
"Urban, Joseph",ACM Doctoral Dissertation Award,1978,North America
"Wagner, Kathleen A.",Outstanding Contribution to ACM Award,1978,North America
"Weiss, Eric A.",ACM Distinguished Service Award,1978,North America
"Wirth, Niklaus E",ACM Programming Systems and Languages Paper Award,1978,Europe
"Backus, John",ACM A. M. Turing Award,1977,North America
"Gries, David Joseph",ACM Programming Systems and Languages Paper Award,1977,North America
"Owicki, Susan S",ACM Programming Systems and Languages Paper Award,1977,North America
"Steel, Thomas B",ACM Distinguished Service Award,1977,North America
"Allen, Frances",ACM Programming Systems and Languages Paper Award,1976,North America
"Canning, Richard G.",ACM Distinguished Service Award,1976,North America
"Cocke, John",ACM Programming Systems and Languages Paper Award,1976,North America
"Dorsey, W. Smith",Outstanding Contribution to ACM Award,1976,North America
"Rabin, Michael O.",ACM A. M. Turing Award,1976,North America
"Scott, Dana S",ACM A. M. Turing Award,1976,North America
"Shortliffe, Edward H",ACM Grace Murray Hopper Award,1976,North America
"Van Atta, Bruce W.",Outstanding Contribution to ACM Award,1976,North America
"Carr III, John W.",ACM Distinguished Service Award,1975,North America
"Newell, Allen",ACM A. M. Turing Award,1975,North America
"Ritchie, Dennis M.",ACM Programming Systems and Languages Paper Award,1975,North America
"Scherr, Allan L.",ACM Grace Murray Hopper Award,1975,North America
"Simon, Herbert A",ACM A. M. Turing Award,1975,North America
"Thompson, Kenneth Lane",ACM Programming Systems and Languages Paper Award,1975,North America
"Baird, George N.",ACM Grace Murray Hopper Award,1974,North America
"Bobrow, Daniel",ACM Programming Systems and Languages Paper Award,1974,North America
"Gorn, Saul",ACM Distinguished Service Award,1974,North America
"Knuth, Donald E",ACM A. M. Turing Award,1974,North America
"Manna, Zohar",ACM Programming Systems and Languages Paper Award,1974,North America
"Ness, Stephen",ACM Programming Systems and Languages Paper Award,1974,North America
"Vuillemin, Jean",ACM Programming Systems and Languages Paper Award,1974,North America
"Wegbreit, Ben",ACM Programming Systems and Languages Paper Award,1974,North America
"Atchison, William F.",ACM Distinguished Service Award,1973,North America
"Bachman, Charles W",ACM A. M. Turing Award,1973,North America
"Breed, Lawrence",ACM Grace Murray Hopper Award,1973,North America
"Hoare, C. Antony R.",ACM Programming Systems and Languages Paper Award,1973,Europe
"Lathwell, Richard",ACM Grace Murray Hopper Award,1973,North America
"Moore, Roger",ACM Grace Murray Hopper Award,1973,North America
"Cress, Paul H.",ACM Grace Murray Hopper Award,1972,North America
"Dijkstra, Edsger W",ACM A. M. Turing Award,1972,Europe
"Dirksen, Paul E.",ACM Grace Murray Hopper Award,1972,North America
"Forsythe, George E.",ACM Distinguished Service Award,1972,North America
"Denning, Peter J",ACM Programming Systems and Languages Paper Award,1971,North America
"Dijkstra, Edsger W",ACM Programming Systems and Languages Paper Award,1971,North America
"Gecsei, Jan",ACM Programming Systems and Languages Paper Award,1971,North America
"Knuth, Donald E",ACM Grace Murray Hopper Award,1971,North America
"Lucas, Peter",ACM Programming Systems and Languages Paper Award,1971,North America
"Madden, J. Don",ACM Distinguished Service Award,1971,North America
"Mattson, Richard L",ACM Programming Systems and Languages Paper Award,1971,North America
"McCarthy, John",ACM A. M. Turing Award,1971,North America
"Reynolds, John C",ACM Programming Systems and Languages Paper Award,1971,North America
"Slutz, Donald R",ACM Programming Systems and Languages Paper Award,1971,North America
"Traiger, Irv",ACM Programming Systems and Languages Paper Award,1971,North America
"Walk, Kurt",ACM Programming Systems and Languages Paper Award,1971,Europe
"Alt, Franz L",ACM Distinguished Service Award,1970,North America
"Wilkinson, J. H.",ACM A. M. Turing Award,1970,Europe
"Minsky, Marvin",ACM A. M. Turing Award,1969,North America
"Hamming, Richard W",ACM A. M. Turing Award,1968,North America
"Wilkes, Maurice V.",ACM A. M. Turing Award,1967,Europe
"Perlis, A. J.",ACM A. M. Turing Award,1966,North America
